,name,task,n_embd,train_size,seed,trainer/global_step,val_loss/add_in_dist,val_loss/add_ood_8digit,val_loss/add_ood_10digit,val_loss/add_ood_11digit,val_acc/add_in_dist,val_acc/add_ood_8digit,val_acc/add_ood_10digit,val_acc/add_ood_11digit,val_loss/ali_in_dist,val_loss/car_in_dist,val_loss/mad_in_dist,val_loss/rev_in_dist,val_loss/ali_ood_8digit,val_loss/car_ood_8digit,val_loss/mad_ood_8digit,val_loss/rev_ood_8digit,val_loss/ali_ood_10digit,val_loss/ali_ood_11digit,val_loss/car_ood_10digit,val_loss/car_ood_11digit,val_loss/mad_ood_10digit,val_loss/mad_ood_11digit,val_loss/rev_ood_10digit,val_loss/rev_ood_11digit,val_acc/ali_in_dist,val_acc/car_in_dist,val_acc/mad_in_dist,val_acc/rev_in_dist,val_acc/ali_ood_8digit,val_acc/car_ood_8digit,val_acc/mad_ood_8digit,val_acc/rev_ood_8digit,val_acc/ali_ood_10digit,val_acc/ali_ood_11digit,val_acc/car_ood_10digit,val_acc/car_ood_11digit,val_acc/mad_ood_10digit,val_acc/mad_ood_11digit,val_acc/rev_ood_10digit,val_acc/rev_ood_11digit
0,tdec_640embd_add_10000000_s3,add,640,10000000,3,31999,4.6349923650268465e-05,1.4167898893356323,3.80000376701355,4.270169258117676,1,0.009999999776482582,0,0,,,,,,,,,,,,,,,,,,,,,,,,,,,,,,,,
1,tdec_1216embd_mix_1000000_s2,mix,1216,1000000,2,3999,0.14164450764656067,0.22133152186870575,0.7367594242095947,1.3983882665634155,0.6800000071525574,0.38999998569488525,0,0,8.926269947551191e-05,0.18522502481937408,0.0706985741853714,0.029535554349422455,0.40558922290802,0.03005059063434601,0.06904827803373337,0.07203636318445206,0.47344139218330383,1.320344090461731,0.22358757257461548,0.7886788249015808,0.45163577795028687,1.875076413154602,0.18727214634418488,2.4504411220550537,1,0.7699999809265137,0.8600000143051147,0.8500000238418579,0.07999999821186066,0.8100000023841858,0.8299999833106995,0.6399999856948853,0,0,0.3400000035762787,0.019999999552965164,0.119999997317791,0,0.2199999988079071,0
2,tdec_448embd_mix_100000_s3,mix,448,100000,3,15999,0.0005478510865941644,0.07737751305103302,2.1937553882598877,2.94425892829895,0.9900000095367432,0.6600000262260437,0,0,7.353408818744356e-06,6.645925168413669e-05,5.7274228311143816e-05,0.0009364736033603548,0.18298205733299255,0.000625627872068435,0.000908201385755092,0.036205485463142395,1.2287929058074951,2.205566644668579,1.4219703674316406,1.9731348752975464,2.7378475666046143,3.5404953956604004,0.8235329985618591,5.907215118408203,1,1,1,0.9900000095367432,0,0.9900000095367432,0.9700000286102296,0.8700000047683716,0,0,0.03999999910593033,0,0,0,0,0
3,tdec_1024embd_mix_10000_s2,mix,1024,10000,2,4055,0.3257320523262024,0.7518356442451477,1.4087262153625488,3.2764358520507812,0.5699999928474426,0.07999999821186066,0.009999999776482582,0,2.406466956017539e-05,0.016351398080587387,0.06482194364070892,0.05973181128501892,0.2240758091211319,0.026585176587104797,0.2157183438539505,0.08750235289335251,1.1707358360290527,2.2471981048583984,0.32575228810310364,1.3823676109313965,0.7113229632377625,2.854480266571045,0.3576217591762543,3.209676504135132,1,0.8999999761581421,0.8399999737739563,0.7699999809265137,0.09000000357627869,0.8399999737739563,0.4900000095367432,0.6000000238418579,0,0,0.25999999046325684,0,0.019999999552965164,0,0.1599999964237213,0
4,tdec_832embd_mix_10000_s2,mix,832,10000,2,7999,4.3637824058532715,4.424240589141846,4.451625823974609,4.492427825927734,0,0,0,0,4.831465244293213,3.925882339477539,4.448774337768555,4.489040374755859,4.866565704345703,3.9386589527130127,4.4996562004089355,4.510931968688965,4.884074687957764,4.887478828430176,3.943011283874512,3.9397614002227783,4.51271915435791,4.534307956695557,4.524291515350342,4.523871898651123,0,0,0,0,0,0,0,0,0,0,0,0,0,0,0,0
5,tdec_832embd_add_10000_s3,add,832,10000,3,15999,1.9966965913772583,4.523184299468994,5.5256757736206055,6.467921257019043,0.20999999344348907,0,0,0,,,,,,,,,,,,,,,,,,,,,,,,,,,,,,,,
6,tdec_448embd_add_100000_s3,add,448,100000,3,31999,1.6405740097980015e-05,0.2421405017375946,4.270827770233154,5.8031487464904785,1,0.20000000298023224,0,0,,,,,,,,,,,,,,,,,,,,,,,,,,,,,,,,
7,tdec_1216embd_add_1000000_s2,add,1216,1000000,2,31999,0.0023620217107236385,0.005106206983327866,2.918513774871826,4.809682369232178,0.9900000095367432,0.9800000190734864,0,0,,,,,,,,,,,,,,,,,,,,,,,,,,,,,,,,
8,tdec_1408embd_mix_10000_s2,mix,1408,10000,2,19404,0.3219742476940155,3.923362493515014,7.319279670715332,12.00997543334961,0.7699999809265137,0.029999999329447743,0,0,0,2.1022211171839447e-07,1.5407582623083729e-06,0.0014414946781471372,1.2551802396774292,3.0163629055023193,5.167380332946777,0.23780161142349243,3.513005018234253,6.7269792556762695,5.270474910736084,8.419178009033203,8.300641059875488,13.355734825134276,1.90421199798584,12.807598114013672,1,1,1,0.9800000190734864,0,0.07000000029802322,0,0.6899999976158142,0,0,0.10000000149011612,0,0,0,0.019999999552965164,0
9,tdec_640embd_add_10000000_s2,add,640,10000000,2,31999,1.1440416528785136e-05,0.2010791003704071,3.794841051101685,4.388549327850342,1,0.3400000035762787,0,0,,,,,,,,,,,,,,,,,,,,,,,,,,,,,,,,
10,tdec_448embd_mix_10000_s3,mix,448,10000,3,31999,0.1060640513896942,0.41880717873573303,3.794380426406861,6.071585655212402,0.8299999833106995,0.4699999988079071,0,0,6.184918532881056e-08,7.242157948894601e-07,0.005805409979075193,0.0024584000930190086,0.02628440782427788,0.061419691890478134,0.13507243990898132,0.03519080579280853,1.3939722776412964,2.931722640991211,2.0722601413726807,3.244992971420288,3.5985562801361084,5.7188029289245605,0.836402177810669,7.965652942657471,1,1,0.9800000190734864,0.9700000286102296,0.6600000262260437,0.8399999737739563,0.7200000286102295,0.9399999976158142,0,0,0,0,0,0,0.119999997317791,0
11,tdec_832embd_add_10000_s2,add,832,10000,2,30359,3.9282073974609375,7.121850967407227,7.921314239501953,7.986824989318848,0.10000000149011612,0,0,0,,,,,,,,,,,,,,,,,,,,,,,,,,,,,,,,
12,tdec_1408embd_add_10000_s2,add,1408,10000,2,31999,0.0035930948797613382,0.030881725251674652,7.0683088302612305,13.554049491882324,0.9900000095367432,0.9100000262260436,0,0,,,,,,,,,,,,,,,,,,,,,,,,,,,,,,,,
13,tdec_1024embd_add_10000_s2,add,1024,10000,2,31999,0.22405390441417697,3.5978002548217773,8.162555694580078,11.782818794250488,0.800000011920929,0,0,0,,,,,,,,,,,,,,,,,,,,,,,,,,,,,,,,
14,tdec_448embd_add_10000_s3,add,448,10000,3,31999,1.1080241203308103,2.8032684326171875,5.033785820007324,6.605294227600098,0.5099999904632568,0,0,0,,,,,,,,,,,,,,,,,,,,,,,,,,,,,,,,
15,tdec_1216embd_mix_100000_s2,mix,1216,100000,2,31999,1.5236057043075562,1.8085018396377563,1.9654991626739504,2.048947334289551,0,0,0,0,6.632743316004053e-05,0.3523281216621399,1.9519788026809692,0.0012104054912924769,0.0001430410920875147,0.7076933979988098,2.1051218509674072,0.003070593113079667,0.008546029217541218,0.0474020354449749,0.7614471316337585,0.7671055793762207,2.2675063610076904,2.3253707885742188,0.022801630198955536,0.05204411596059799,1,0.2800000011920929,0,1,1,0.029999999329447743,0,0.9300000071525574,0.7599999904632568,0.30000001192092896,0,0.009999999776482582,0,0,0.7200000286102295,0.44999998807907104
16,tdec_640embd_mix_1000000_s3,mix,640,1000000,3,31999,1.929646032294841e-06,1.1462101936340332,4.060982704162598,4.844478607177734,1,0.03999999910593033,0,0,4.594759683840266e-09,3.307918206019167e-08,1.4965155514801157e-07,5.885653536097379e-06,1.0868650674819946,1.4427434206008911,2.3221640586853027,4.9621405196376145e-05,2.2337465286254883,3.8369357585906982,2.2173221111297607,3.867194175720215,3.862438917160034,5.090440273284912,1.5715744495391846,10.760536193847656,1,1,1,1,0,0.1599999964237213,0,0.9900000095367432,0,0,0,0,0,0,0,0
17,tdec_1216embd_add_100000_s2,add,1216,100000,2,31999,0.0015793212223798037,0.00029945894493721426,2.0984408855438232,3.220813512802124,0.9900000095367432,1,0,0,,,,,,,,,,,,,,,,,,,,,,,,,,,,,,,,
18,tdec_1344embd_mix_10000_s1,mix,1344,10000,1,23939,0.8948515057563782,4.413621425628662,10.678966522216797,15.251415252685549,0.550000011920929,0.009999999776482582,0,0,4.6359141525620373e-10,0.015579120256006718,0.00640107411891222,0.016264138743281364,1.9683016538619995,2.819354295730591,3.329793930053711,0.11800745129585266,3.3112142086029053,5.908825874328613,5.098516464233398,8.007207870483398,8.429733276367188,13.9683256149292,2.057625532150269,13.143352508544922,1,0.9800000190734864,0.9800000190734864,0.959999978542328,0,0.10999999940395357,0.029999999329447743,0.8799999952316284,0,0,0.12999999523162842,0,0,0,0.019999999552965164,0
19,tdec_640embd_mix_1000000_s2,mix,640,1000000,2,31999,1.3201771480453317e-06,0.4388672709465027,3.83451771736145,4.520181179046631,1,0.2300000041723251,0,0,1.1035353963961825e-08,1.2877304556013769e-08,2.3200701093628598e-07,2.6759300908452133e-07,0.41001904010772705,0.1250375360250473,0.1700330376625061,0.0031867839861661196,1.5409042835235596,2.9070544242858887,2.1695754528045654,3.294894218444824,3.445204257965088,4.1425676345825195,5.3045220375061035,12.174893379211426,1,1,1,1,0.019999999552965164,0.6299999952316284,0.6000000238418579,0.9800000190734864,0,0,0,0,0,0,0,0
20,tdec_1216embd_mix_10000_s2,mix,1216,10000,2,31999,0.04030131921172142,1.6657851934432983,6.356504917144775,8.649694442749023,0.949999988079071,0.10999999940395357,0,0,7.816447045172481e-09,0.0008162088925018907,1.797030364514285e-07,0.012966184876859188,0.3315059244632721,1.3105677366256714,1.9987391233444216,0.1158486381173134,1.7692919969558716,3.557384967803955,2.961566686630249,4.843317985534668,6.111369609832764,8.925365447998047,1.9763373136520384,8.064977645874023,1,1,1,0.9700000286102296,0.07999999821186066,0.17000000178813934,0.029999999329447743,0.8399999737739563,0,0,0.009999999776482582,0,0,0,0.009999999776482582,0
21,tdec_896embd_mix_10000000_s1,mix,896,10000000,1,27999,4.802548937732354e-05,1.007371425628662,3.767000675201416,5.559535503387451,1,0.23999999463558197,0,0,5.934202818025369e-07,1.5368632375611924e-06,3.5033613130508456e-06,1.829673692554934e-06,0.004888598341494799,0.14258654415607452,0.8236923813819885,0.00029243738390505314,1.6086350679397583,2.7905521392822266,2.093355894088745,3.032723903656006,3.849212408065796,5.632795333862305,1.6257957220077517,7.0945281982421875,1,1,1,1,0.8899999856948853,0.5799999833106995,0.1899999976158142,1,0,0,0,0,0,0,0,0
22,tdec_1216embd_add_10000_s2,add,1216,10000,2,31999,0.05029626935720444,3.412595272064209,6.7487688064575195,10.551949501037598,0.9200000166893004,0,0,0,,,,,,,,,,,,,,,,,,,,,,,,,,,,,,,,
23,tdec_768embd_mix_10000000_s1,mix,768,10000000,1,31999,1.0140544191017398e-06,0.4839801490306854,4.024829864501953,4.846376895904541,1,0.3400000035762787,0,0,5.995229201971597e-09,1.7176482458580722e-08,2.2303476399088143e-08,4.9798103418652324e-08,0.8090836405754089,0.05360767245292664,0.002962162485346198,0.26312682032585144,1.3524342775344849,2.306925058364868,2.243567943572998,2.9961249828338623,4.210361003875732,5.187844753265381,8.477521896362305,11.581955909729004,1,1,1,1,0,0.8199999928474426,0.9700000286102296,0.4000000059604645,0,0,0,0,0,0,0,0
24,tdec_448embd_mix_10000000_s2,mix,448,10000000,2,31999,5.5225550568138715e-06,0.6055670976638794,3.321669578552246,4.079854965209961,1,0.1599999964237213,0,0,8.349840818766552e-09,2.123760012295861e-08,5.6919553514944716e-08,9.405318479593917e-08,0.0822499543428421,0.19970962405204773,0.7875110507011414,1.1439210538810585e-06,1.5008447170257568,2.5734262466430664,2.427793025970459,3.693118333816528,3.334582805633545,4.466516494750977,0.19218862056732175,7.607324600219727,1,1,1,1,0.3199999928474426,0.6200000047683716,0.15000000596046448,1,0,0,0.05999999865889549,0,0,0,0.27000001072883606,0
25,tdec_640embd_add_1000000_s3,add,640,1000000,3,31999,4.907317929792043e-08,0.3641064465045929,4.7235188484191895,5.6238532066345215,1,0.2800000011920929,0,0,,,,,,,,,,,,,,,,,,,,,,,,,,,,,,,,
26,tdec_448embd_add_10000000_s2,add,448,10000000,2,31999,2.1839574401383288e-05,0.7471650838851929,4.017290115356445,5.581396579742432,1,0,0,0,,,,,,,,,,,,,,,,,,,,,,,,,,,,,,,,
27,tdec_640embd_add_1000000_s2,add,640,1000000,2,31999,0.0011439051013439894,0.030002843588590625,2.218228816986084,3.297332763671875,0.9900000095367432,0.8199999928474426,0,0,,,,,,,,,,,,,,,,,,,,,,,,,,,,,,,,
28,tdec_1536embd_mix_100000_s1,mix,1536,100000,1,31999,0.02110869437456131,0.17361560463905334,8.97491455078125,14.477869987487791,0.9900000095367432,0.5799999833106995,0,0,4.5649570235006815e-10,3.999832465240161e-09,1.1737835592384728e-08,3.6257862490174375e-08,0.6916162967681885,0.397475928068161,0.3872274458408356,0.020642612129449844,3.262733459472656,5.395719051361084,4.961236476898193,9.088006019592283,8.58890151977539,12.6575927734375,1.379246950149536,13.0978422164917,1,1,1,1,0,0.4300000071525574,0.4300000071525574,0.949999988079071,0,0,0,0,0,0,0.05999999865889549,0
29,tdec_448embd_mix_1000000_s2,mix,448,1000000,2,31999,2.70065970653377e-06,0.10233616828918456,4.408053398132324,5.039048671722412,1,0.6600000262260437,0,0,2.0662940247717643e-09,5.8212994424877715e-09,1.6533424229692173e-07,1.6179636759261484e-06,0.00037193603930063546,0.006152335554361343,0.02533464878797531,1.279141997656552e-05,1.7463679313659668,3.280388593673706,2.5828545093536377,3.8020598888397217,4.964206695556641,5.748856067657471,0.46767425537109375,9.47543239593506,1,1,1,1,0.9900000095367432,0.959999978542328,0.9100000262260436,1,0,0,0,0,0,0,0.25999999046325684,0
30,tdec_1344embd_add_10000_s1,add,1344,10000,1,31999,0.12844495475292206,5.608925819396973,6.3025970458984375,11.31954574584961,0.8799999952316284,0,0,0,,,,,,,,,,,,,,,,,,,,,,,,,,,,,,,,
31,tdec_1088embd_mix_1000000_s1,mix,1088,1000000,1,31999,4.523164898273535e-05,0.1605668663978577,3.746704339981079,4.449692726135254,1,0.5199999809265137,0,0,2.4851471991382823e-08,1.7936217844294333e-08,3.3575443580957653e-07,1.485751681684633e-07,0.006247165612876415,0.16240017116069794,0.15600554645061493,0.027259884402155876,1.508133053779602,2.443554639816284,2.6724307537078857,4.640274524688721,3.492410659790039,4.4554033279418945,4.724210739135742,11.737222671508787,1,1,1,1,0.9100000262260436,0.699999988079071,0.550000011920929,0.8799999952316284,0,0,0,0,0,0,0,0
32,tdec_768embd_add_10000000_s1,add,768,10000000,1,31999,0.0003060105082113296,1.3977056741714478,3.846096992492676,6.008037090301514,0.9900000095367432,0.019999999552965164,0,0,,,,,,,,,,,,,,,,,,,,,,,,,,,,,,,,
33,tdec_448embd_add_1000000_s2,add,448,1000000,2,31999,0.3630066215991974,0.7377207279205322,1.0036295652389526,1.3598655462265017,0.4000000059604645,0,0,0,,,,,,,,,,,,,,,,,,,,,,,,,,,,,,,,
34,tdec_640embd_mix_100000_s3,mix,640,100000,3,31999,0.00675100926309824,0.7214736938476562,4.562310218811035,6.010528564453125,0.9900000095367432,0.05999999865889549,0,0,4.555969379538283e-09,2.528541465096623e-08,3.029221034012153e-07,1.6881272131286096e-06,0.90503990650177,0.7016428112983704,0.5477299690246582,9.232471711584369e-06,2.1840009689331055,3.1688976287841797,2.4222280979156494,4.018895149230957,4.557438850402832,6.018662929534912,1.6233978271484375,9.388835906982422,1,1,1,1,0,0.2300000041723251,0.36000001430511475,1,0,0,0.019999999552965164,0,0,0,0,0
35,tdec_1536embd_add_100000_s1,add,1536,100000,1,31999,7.314078175113536e-06,0.7265990376472473,5.655429840087891,10.103787422180176,1,0.15000000596046448,0,0,,,,,,,,,,,,,,,,,,,,,,,,,,,,,,,,
36,tdec_448embd_mix_100000_s2,mix,448,100000,2,31999,0.002015400445088744,0.015253123827278614,3.7002768516540527,4.248350143432617,1,0.9399999976158142,0,0,5.426854077228427e-09,4.33238822594717e-09,1.313484858656011e-07,1.9516171789746298e-07,8.209294719563331e-06,0.0004013916186522693,0.0001596666988916695,8.210131454688963e-06,1.921562671661377,3.522049903869629,2.2337374687194824,3.3560376167297363,4.144662857055664,4.9742350578308105,0.07279374450445175,4.796566486358643,1,1,1,1,1,1,1,1,0,0,0.009999999776482582,0,0,0,0.7300000190734863,0
37,tdec_896embd_add_10000000_s1,add,896,10000000,1,31999,2.601658582687378,2.441256523132324,2.404247760772705,2.38016414642334,0,0,0,0,,,,,,,,,,,,,,,,,,,,,,,,,,,,,,,,
38,tdec_448embd_add_100000_s2,add,448,100000,2,31999,1.260389979051979e-07,0.5692796111106873,4.270425319671631,4.965802192687988,1,0.009999999776482582,0,0,,,,,,,,,,,,,,,,,,,,,,,,,,,,,,,,
39,tdec_640embd_mix_100000_s2,mix,640,100000,2,31999,5.556381665883237e-07,0.6855570077896118,3.405421257019043,4.304911136627197,1,0.03999999910593033,0,0,2.9701419990146863e-08,1.9572027554204396e-08,1.387919724038511e-06,1.654347329349548e-06,0.38296812772750854,0.22931799292564392,0.834165096282959,0.0022485230583697557,2.337665319442749,4.244314193725586,2.290022850036621,3.5882925987243652,3.872576951980591,4.823540687561035,2.240231990814209,12.30887222290039,1,1,1,1,0,0.3100000023841858,0.009999999776482582,0.9800000190734864,0,0,0,0,0,0,0,0
40,tdec_768embd_mix_1000000_s1,mix,768,1000000,1,31999,1.289826514039305e-06,1.2639509439468384,4.348517894744873,4.7775983810424805,1,0,0,0,3.755798339000194e-09,2.1921010784353714e-07,4.4257495801502955e-07,6.208065883583913e-08,0.2666974365711212,1.7214813232421875,1.76365065574646,0.02185166627168655,1.641447901725769,2.4599671363830566,2.138573408126831,3.830066204071045,4.081839561462402,5.46571159362793,2.9267919063568115,12.711786270141602,1,1,1,1,0.09000000357627869,0.1599999964237213,0,0.8799999952316284,0,0,0,0,0,0,0,0
41,tdec_448embd_mix_10000_s2,mix,448,10000,2,31999,0.04554121568799019,0.2537994384765625,4.81204080581665,7.104318141937256,0.949999988079071,0.6499999761581421,0,0,1.0454220600308872e-08,6.845361326668353e-07,1.207137216852061e-07,0.0019075054442510009,0.5021822452545166,0.10405566543340684,0.07633689045906067,0.14526501297950745,1.3628441095352173,3.1036148071289062,2.564860582351685,4.448744297027588,4.86272668838501,7.551116466522217,0.7456251382827759,10.436478614807127,1,1,1,0.9900000095367432,0.009999999776482582,0.7599999904632568,0.8299999833106995,0.7699999809265137,0,0,0.05999999865889549,0,0,0,0.14000000059604645,0
42,tdec_1088embd_add_1000000_s1,add,1088,1000000,1,31999,0.0002832592581398785,0.4337242543697357,4.818735599517822,8.831287384033203,1,0.25999999046325684,0,0,,,,,,,,,,,,,,,,,,,,,,,,,,,,,,,,
43,tdec_448embd_add_10000_s2,add,448,10000,2,31999,0.8068002462387085,2.750823736190796,5.321247100830078,6.801258563995361,0.6100000143051147,0,0,0,,,,,,,,,,,,,,,,,,,,,,,,,,,,,,,,
44,tdec_640embd_add_100000_s3,add,640,100000,3,31999,3.826251941063674e-06,0.6394919157028198,3.5213680267333984,4.322397232055664,1,0.119999997317791,0,0,,,,,,,,,,,,,,,,,,,,,,,,,,,,,,,,
45,tdec_768embd_add_1000000_s1,add,768,1000000,1,31999,0.22091171145439148,0.5760320425033569,0.9771740436553956,1.3362764120101929,0.5799999833106995,0.019999999552965164,0,0,,,,,,,,,,,,,,,,,,,,,,,,,,,,,,,,
46,tdec_640embd_add_100000_s2,add,640,100000,2,31999,1.2724236512440257e-05,0.9272819757461548,4.970767974853516,6.7389912605285645,1,0.029999999329447743,0,0,,,,,,,,,,,,,,,,,,,,,,,,,,,,,,,,
47,tdec_896embd_mix_1000000_s1,mix,896,1000000,1,31999,6.098412086430471e-06,0.47225749492645264,3.546407699584961,5.189800262451172,1,0.18000000715255737,0,0,1.8880450980418573e-08,1.1186173765054265e-07,3.54946138259038e-07,0.00018886523321270943,0.9007958173751832,0.076221764087677,0.058650050312280655,0.010690586641430857,2.0109505653381348,3.6488099098205566,1.6785763502120972,3.021339654922486,3.4387319087982178,4.961391925811768,4.001227378845215,11.199345588684082,1,1,1,1,0,0.699999988079071,0.7400000095367432,0.959999978542328,0,0,0.019999999552965164,0,0,0,0,0
48,tdec_1472embd_mix_10000000_s1,mix,1472,10000000,1,31999,4.6953641685831826e-07,0.1483876407146454,5.168133735656738,7.657550811767578,1,0.6800000071525574,0,0,1.8759854469863058e-07,2.0408187140219525e-08,6.78668499176638e-08,9.57280548163908e-08,0.07073365151882172,0.3457925021648407,0.8178402185440063,0.0008447471191175282,2.3254337310791016,3.2030184268951416,3.7972779273986816,6.6656718254089355,4.898954391479492,7.919443130493164,4.8624091148376465,13.668805122375488,1,1,1,1,0.36000001430511475,0.5299999713897705,0.09000000357627869,0.9900000095367432,0,0,0.029999999329447743,0,0,0,0,0
49,tdec_1344embd_mix_10000000_s1,mix,1344,10000000,1,31999,4.04041344381767e-07,0.5866056680679321,6.479047775268555,8.563985824584961,1,0.30000001192092896,0,0,2.4539608123319567e-09,2.2456044135310552e-08,1.5577369083530357e-07,2.9197715889495157e-07,0.07183242589235306,0.4242583215236664,0.25235164165496826,0.7640028595924377,2.2790749073028564,4.097185134887695,3.181581974029541,4.781815052032471,6.7063140869140625,8.809947967529297,9.248333930969238,11.805192947387695,1,1,1,1,0.3400000035762787,0.4300000071525574,0.5899999737739563,0.09000000357627869,0,0,0,0,0,0,0,0
50,tdec_576embd_mix_10000000_s1,mix,576,10000000,1,31999,0.0048940847627818584,0.03130079060792923,5.388239860534668,7.752256870269775,0.9900000095367432,0.9300000071525574,0,0,3.536440473794755e-08,5.6426799233122444e-08,7.164042870044797e-08,3.550761107362632e-07,0.6771237850189209,0.01229995023459196,0.018986951559782028,0.03901583328843117,2.2631895542144775,4.175059795379639,3.212397575378418,5.532961845397949,5.93693733215332,8.575732231140137,6.6306538581848145,12.76395034790039,1,1,1,1,0,0.9399999976158142,0.9200000166893004,0.8299999833106995,0,0,0.029999999329447743,0,0,0,0,0
51,tdec_640embd_mix_10000_s3,mix,640,10000,3,31999,0.21455545723438263,3.1349759101867676,4.156369686126709,6.558103084564209,0.8299999833106995,0,0,0,2.11813606654232e-08,1.9896924641216176e-07,0.0005547198816202581,0.0005951935891062021,1.8518476486206057,2.0644023418426514,3.2466821670532227,0.2083410769701004,2.554373264312744,4.392911434173584,2.113719940185547,3.807328462600708,3.947047233581543,6.369866847991943,1.7734594345092771,9.048707962036133,1,1,0.9900000095367432,0.9900000095367432,0,0.1599999964237213,0,0.6600000262260437,0,0,0.009999999776482582,0,0,0,0.009999999776482582,0
52,tdec_1280embd_mix_10000_s1,mix,1280,10000,1,31999,0.261393666267395,3.125345468521118,5.553822040557861,9.493171691894531,0.800000011920929,0,0,0,1.3245472774148226e-10,5.5929120890141355e-08,0.0027511129155755043,0.005995215382426977,0.004596327897161245,2.4124791622161865,2.8386151790618896,0.13439197838306427,1.779596209526062,3.967716693878174,3.2533397674560547,6.770607948303223,5.054656982421875,8.771832466125488,0.8306671380996704,13.641013145446776,1,1,0.9900000095367432,0.9800000190734864,0.9800000190734864,0.029999999329447743,0.029999999329447743,0.8500000238418579,0,0,0.029999999329447743,0,0,0,0.18000000715255737,0
53,tdec_768embd_mix_100000_s1,mix,768,100000,1,31999,7.096954504959285e-06,0.5101956725120544,4.102951526641846,5.261831283569336,1,0.15000000596046448,0,0,6.028343602082486e-09,2.680342277017189e-07,2.297756935831785e-07,3.117465610102954e-07,0.8520435094833374,0.5624232292175293,0.9153105020523072,0.02172132022678852,1.936325430870056,3.025064468383789,2.547713279724121,4.223132133483887,4.238745212554932,5.591090202331543,2.056804656982422,8.131621360778809,1,1,1,1,0,0.2300000041723251,0.03999999910593033,0.9200000166893004,0,0,0,0,0,0,0,0
54,tdec_1344embd_add_10000000_s1,add,1344,10000000,1,31999,0.0016673820791766047,4.189228057861328,6.639430522918701,9.971975326538086,0.9900000095367432,0.07000000029802322,0,0,,,,,,,,,,,,,,,,,,,,,,,,,,,,,,,,
55,tdec_576embd_add_10000000_s1,add,576,10000000,1,31999,1.2871464605268557e-06,0.27571994066238403,3.456947088241577,4.1353559494018555,1,0.2199999988079071,0,0,,,,,,,,,,,,,,,,,,,,,,,,,,,,,,,,
56,tdec_896embd_add_1000000_s1,add,896,1000000,1,31999,0.0047376276925206184,0.6673262715339661,4.581929683685303,7.644570350646973,0.9300000071525574,0.2300000041723251,0,0,,,,,,,,,,,,,,,,,,,,,,,,,,,,,,,,
57,tdec_1088embd_mix_100000_s1,mix,1088,100000,1,31999,0.00016214999777730554,0.6193277835845947,5.171270370483398,7.086201190948486,1,0.119999997317791,0,0,1.7181960743073432e-08,2.2559252101927996e-06,9.3961780578411e-08,1.373977966068196e-06,0.28051578998565674,1.26227605342865,1.1701421737670898,0.2183542251586914,1.9811025857925415,3.3520917892456055,2.8477141857147217,4.742547988891602,4.604839324951172,6.655908584594727,4.340258598327637,13.182621955871582,1,1,1,1,0.019999999552965164,0.17000000178813934,0.03999999910593033,0.6200000047683716,0,0,0,0,0,0,0,0
58,tdec_640embd_mix_10000_s2,mix,640,10000,2,31999,0.424556702375412,2.2823452949523926,5.173348903656006,7.034793853759766,0.6600000262260437,0,0,0,1.3237313112313134e-07,0.0003557841118890792,0.0016786974156275392,0.00936612207442522,1.3018035888671875,1.4809778928756714,2.072564125061035,0.12917488813400269,1.8319810628890991,2.886223554611206,2.446915626525879,4.134121894836426,4.591607570648193,7.280515670776367,1.583484768867493,6.782352924346924,1,0.9900000095367432,0.9700000286102296,0.9700000286102296,0,0.10000000149011612,0,0.6600000262260437,0,0,0.019999999552965164,0,0,0,0,0
59,tdec_768embd_add_100000_s1,add,768,100000,1,31999,0.6203902959823608,1.1110049486160278,1.3229745626449585,1.4228248596191406,0.18000000715255737,0,0,0,,,,,,,,,,,,,,,,,,,,,,,,,,,,,,,,
60,tdec_1472embd_add_10000000_s1,add,1472,10000000,1,31999,6.369516086124349e-06,0.018861448392271996,4.556414604187012,6.227992534637451,1,0.9200000166893004,0,0,,,,,,,,,,,,,,,,,,,,,,,,,,,,,,,,
61,tdec_1344embd_mix_1000000_s1,mix,1344,1000000,1,31999,1.666402795308386e-06,0.15322962403297424,5.347682476043701,8.481103897094727,1,0.4699999988079071,0,0,1.1351804829473622e-08,1.356835070964735e-07,3.628900913099642e-07,3.2732233989918313e-07,0.2704271972179413,0.05731084197759628,0.017222287133336067,0.05833645910024643,1.607210636138916,2.8034164905548096,2.792283535003662,4.710907936096191,5.093932628631592,7.4381422996521,4.112270355224609,11.32776165008545,1,1,1,1,0.05000000074505806,0.7599999904632568,0.8899999856948853,0.7099999785423279,0,0,0,0,0,0,0,0
62,tdec_640embd_add_10000_s3,add,640,10000,3,31999,0.5442613363265991,2.8009674549102783,5.225905895233154,6.5482892990112305,0.7400000095367432,0,0,0,,,,,,,,,,,,,,,,,,,,,,,,,,,,,,,,
63,tdec_576embd_mix_1000000_s1,mix,576,1000000,1,31999,1.0617372936394531e-06,0.6563074588775635,4.4465131759643555,5.346749782562256,1,0.019999999552965164,0,0,9.047838034348388e-09,1.0910083574344751e-06,2.848978510883171e-07,1.3078167171443056e-07,0.6347159743309021,0.6179749965667725,0.5610151886940002,0.0024844303261488676,2.1441490650177,3.445549964904785,2.455756187438965,3.857575893402099,4.450712203979492,5.3194169998168945,5.785333633422852,11.524494171142578,1,1,1,1,0,0.07999999821186066,0.07000000029802322,0.9900000095367432,0,0,0.009999999776482582,0,0,0,0,0
64,tdec_1280embd_add_10000_s1,add,1280,10000,1,31999,0.00874695461243391,0.3266380727291107,8.346759796142578,14.717680931091309,0.9800000190734864,0.3799999952316284,0,0,,,,,,,,,,,,,,,,,,,,,,,,,,,,,,,,
65,tdec_640embd_add_10000_s2,add,640,10000,2,31999,0.05647065117955208,2.07250714302063,4.3493194580078125,6.186132907867432,0.8999999761581421,0,0,0,,,,,,,,,,,,,,,,,,,,,,,,,,,,,,,,
66,tdec_1344embd_add_1000000_s1,add,1344,1000000,1,31999,1.4923657178878784,1.7413382530212402,1.833225131034851,1.8783973455429075,0,0,0,0,,,,,,,,,,,,,,,,,,,,,,,,,,,,,,,,
67,tdec_576embd_add_1000000_s1,add,576,1000000,1,31999,0.0008391112205572426,1.059656858444214,5.535039901733398,7.788234710693359,1,0.09000000357627869,0,0,,,,,,,,,,,,,,,,,,,,,,,,,,,,,,,,
68,tdec_896embd_mix_100000_s1,mix,896,100000,1,31999,0.01959853619337082,0.10336105525493622,4.104290962219238,5.5545735359191895,0.959999978542328,0.6399999856948853,0,0,2.08289545611251e-08,1.803106357556317e-07,1.6234079112109612e-06,5.369076916394988e-07,1.169013261795044,0.01266202423721552,0.02820472978055477,0.039126817137002945,2.6393606662750244,4.743068695068359,2.4582173824310303,3.657613515853882,4.600225925445557,6.281240463256836,2.813052177429199,9.869376182556152,1,1,1,1,0,0.8999999761581421,0.9200000166893004,0.8399999737739563,0,0,0,0,0,0,0,0
69,tdec_1088embd_add_100000_s1,add,1088,100000,1,31999,1.1680257330226596e-06,2.3099472522735596,6.181310653686523,8.87333869934082,1,0.05000000074505806,0,0,,,,,,,,,,,,,,,,,,,,,,,,,,,,,,,,
70,tdec_256embd_mix_10000_s1,mix,256,10000,1,21999,0.044358622282743454,0.03157174587249756,2.1779749393463135,4.139659881591797,0.8600000143051147,0.8700000047683716,0,0,2.988438154716278e-07,1.956768574018497e-05,1.4240761629480405e-05,3.3682550565572456e-05,1.544751398796507e-06,0.0006327145383693278,4.433186404639855e-05,0.0010681749554350972,1.2976291179656982,2.794757604598999,1.5406615734100342,3.0448620319366455,2.0824167728424072,4.306554794311523,0.0761483833193779,4.38674783706665,1,1,1,1,1,1,1,0.9900000095367432,0,0,0.07999999821186066,0,0,0,0.5699999928474426,0
71,tdec_64embd_mix_10000000_s3,mix,64,10000000,3,31999,1.575087070465088,1.790175199508667,1.8855913877487185,1.9340072870254517,0,0,0,0,6.375289103743853e-06,0.0044541386887431145,1.6825751066207886,7.296816329471767e-05,1.5146048099268228e-05,0.0065107219852507114,1.8787591457366943,0.0001235256204381585,4.227111639920622e-05,0.0019978422205895185,0.028400659561157227,0.07160366326570511,1.9708095788955688,2.0059244632720947,0.0003883379395119846,0.007038789801299572,1,0.959999978542328,0,1,1,0.9800000190734864,0,1,0.9900000095367432,0.8700000047683716,0.7699999809265137,0.4000000059604645,0,0,1,0.8500000238418579
72,tdec_64embd_add_10000000_s3,add,64,10000000,3,31999,1.2092533111572266,1.5166640281677246,1.6537586450576782,1.7183459997177124,0,0,0,0,,,,,,,,,,,,,,,,,,,,,,,,,,,,,,,,
73,tdec_64embd_mix_10000_s1,mix,64,10000,1,31999,1.5950027704238892,1.8240286111831665,1.9140031337738037,1.966079831123352,0,0,0,0,6.0465790738817304e-06,0.012196424417197704,1.9196659326553345,9.350299660582095e-05,1.2281488125154285e-05,0.01871497556567192,2.050652265548706,0.00029908595024608076,3.903197648469359e-05,0.0009377075475640596,0.05957696959376335,0.12928467988967896,2.095294713973999,2.1101160049438477,0.0009662689990364016,0.012535874731838703,1,0.8500000238418579,0,1,1,0.8700000047683716,0,1,1,0.949999988079071,0.5899999737739563,0.2800000011920929,0,0,1,0.8199999928474426
74,tdec_256embd_mix_100000_s3,mix,256,100000,3,11299,0.035281069576740265,0.04890090972185135,0.6752569079399109,2.325737714767456,0.8199999928474426,0.6899999976158142,0.03999999910593033,0,2.3147169940784806e-06,0.0003833019291050732,0.00043511646799743176,9.934781701304018e-05,1.011255426419666e-05,0.0006451269728131592,0.0010049286065623164,0.000314720266032964,0.420482337474823,1.5011074542999268,0.11080694943666458,0.8795129656791687,0.5180572271347046,2.255103826522827,0.014874604530632496,2.5350775718688965,1,1,0.9900000095367432,1,1,1,0.9900000095367432,1,0,0,0.4399999976158142,0.03999999910593033,0.03999999910593033,0,0.8799999952316284,0
75,tdec_1472embd_mix_1000000_s1,mix,1472,1000000,1,31999,9.550690265314188e-07,1.0349557399749756,7.514782905578613,10.682838439941406,1,0.03999999910593033,0,0,1.731371046531649e-09,1.3245469165923394e-09,4.459402447309913e-08,3.4540065030341793e-08,0.00985695980489254,0.7212916016578674,0.7329622507095337,0.0028000441379845142,3.142948627471924,5.604637622833252,3.7607128620147705,6.214110851287842,6.373795032501221,9.188665390014648,5.418496608734131,15.793420791625977,1,1,1,1,0.8500000238418579,0.20000000298023224,0.019999999552965164,0.9800000190734864,0,0,0,0,0,0,0,0
76,tdec_704embd_mix_10000000_s1,mix,704,10000000,1,31999,5.016123623136082e-07,0.3339713215827942,4.435614585876465,5.577033519744873,1,0.27000001072883606,0,0,2.4823659572348333e-08,6.059004249436839e-07,1.30972608758384e-07,8.399103279543851e-08,0.7132758498191833,0.05375506356358528,0.33363115787506104,0.2989417314529419,1.707358717918396,2.8569447994232178,2.311314105987549,3.676880121231079,4.192852020263672,5.415637969970703,7.714377403259277,11.263906478881836,1,1,1,1,0,0.75,0.2199999988079071,0.3700000047683716,0,0,0,0,0,0,0,0
77,tdec_64embd_mix_1000000_s3,mix,64,1000000,3,31999,0.4991167485713959,0.5882194638252258,0.7245237231254578,0.8670493364334106,0.05999999865889549,0,0,0,1.6841260730871e-05,0.019583379849791527,0.13149988651275635,6.905992631800473e-05,2.916968514909968e-05,0.02888007089495659,0.19607633352279663,0.00015532046381849796,0.00024735002079978585,0.03201093524694443,0.0462627075612545,0.07082461565732956,0.3547114133834839,0.5940036177635193,0.0006831237697042525,0.008760087192058563,1,0.8700000047683716,0.4900000095367432,1,1,0.8199999928474426,0.15000000596046448,1,0.9800000190734864,0.28999999165534973,0.7400000095367432,0.4000000059604645,0.019999999552965164,0,0.9800000190734864,0.800000011920929
78,tdec_576embd_mix_100000_s1,mix,576,100000,1,29839,6.875400799799536e-07,0.4778466522693634,3.707774162292481,4.88653039932251,1,0.10999999940395357,0,0,9.108257614798276e-08,2.050582992296768e-08,2.066783366672098e-07,8.212344982894138e-05,1.3570256233215332,0.4315614700317383,0.24216018617153168,0.004736620932817459,1.7395100593566897,2.5318515300750732,2.2902719974517822,3.905393123626709,4.303403377532959,5.968466281890869,0.9395029544830322,11.907061576843262,1,1,1,1,0,0.1599999964237213,0.3100000023841858,0.9700000286102296,0,0,0.029999999329447743,0,0,0,0,0
79,tdec_64embd_add_1000000_s3,add,64,1000000,3,31999,0.8937086462974548,1.2803665399551392,1.4513146877288818,1.5313873291015625,0.10000000149011612,0,0,0,,,,,,,,,,,,,,,,,,,,,,,,,,,,,,,,
80,tdec_256embd_add_100000_s3,add,256,100000,3,31999,0.11958248168230055,0.2804264724254608,0.6603986620903015,1.002611517906189,0.7599999904632568,0.07999999821186066,0,0,,,,,,,,,,,,,,,,,,,,,,,,,,,,,,,,
81,tdec_1344embd_mix_100000_s1,mix,1344,100000,1,30139,9.211278779730492e-07,1.5428203344345093,6.9676923751831055,10.04497528076172,1,0.019999999552965164,0,0,8.439490883915823e-09,8.135205575854344e-08,2.608951490401523e-07,6.372776510943368e-07,0.07079901546239853,0.7484439611434937,1.0956610441207886,0.25399139523506165,1.9642659425735471,4.052150249481201,2.757427930831909,4.757154941558838,6.125402450561523,9.489906311035156,4.154121398925781,8.81852912902832,1,1,1,1,0.36000001430511475,0.3400000035762787,0.029999999329447743,0.41999998688697815,0,0,0.019999999552965164,0,0,0,0,0
82,tdec_64embd_mix_100000_s3,mix,64,100000,3,31999,0.43912413716316223,0.5602412223815918,0.7079371809959412,0.9139411449432372,0.12999999523162842,0.029999999329447743,0,0,1.2773451089742592e-05,0.003967972006648779,0.008410575799643993,8.47771079861559e-05,2.721096643654164e-05,0.006669739261269569,0.012842681258916857,0.0002140579599654302,7.688222831347957e-05,0.013842860236763954,0.022353319451212883,0.07523182034492493,0.0733262449502945,0.33868303894996643,0.0007997353095561266,0.27135008573532104,1,0.9700000286102296,0.959999978542328,1,1,0.949999988079071,0.8199999928474426,0.9900000095367432,0.9900000095367432,0.6600000262260437,0.7799999713897705,0.4300000071525574,0.5400000214576721,0,0.9700000286102296,0.05999999865889549
83,tdec_64embd_add_100000_s3,add,64,100000,3,31999,0.8192612528800964,1.2737221717834473,1.4538490772247314,1.5334736108779907,0.15000000596046448,0,0,0,,,,,,,,,,,,,,,,,,,,,,,,,,,,,,,,
84,tdec_256embd_mix_10000_s3,mix,256,10000,3,31999,0.027439702302217484,0.04467703402042389,2.7061655521392822,4.823517322540283,0.9200000166893004,0.8799999952316284,0,0,9.137953504989582e-09,7.540443789366691e-07,1.8478573338143176e-06,2.9311838716239436e-06,1.6160176130597392e-07,2.3541961127193645e-06,3.003832171089016e-05,1.6058773326221853e-05,1.4857767820358276,2.6247048377990723,2.0651438236236572,3.565077543258667,2.974668502807617,5.337092876434326,0.034577131271362305,4.075380325317383,1,1,1,1,1,1,0.9900000095367432,1,0,0,0.119999997317791,0,0,0,0.8299999833106995,0
85,tdec_64embd_mix_10000_s3,mix,64,10000,3,31999,1.5782103538513184,1.7893470525741575,1.888533115386963,1.940568447113037,0,0,0,0,5.4070656005933415e-06,0.0035694607067853212,1.9274619817733765,5.5583659559488297e-05,1.3902138562116306e-05,0.008570278063416481,2.0522518157958984,0.00012564238568302244,4.3574051233008504e-05,0.002762711374089122,0.03656831383705139,0.0884988084435463,2.101235866546631,2.1115753650665283,0.0003771604970097542,0.04915847256779671,1,0.959999978542328,0,1,1,0.9200000166893004,0,1,1,0.9100000262260436,0.7200000286102295,0.4300000071525574,0,0,1,0.4600000083446502
86,tdec_576embd_add_100000_s1,add,576,100000,1,31999,0.002093136077746749,0.08692221343517303,3.1417930126190186,4.364614963531494,1,0.6499999761581421,0,0,,,,,,,,,,,,,,,,,,,,,,,,,,,,,,,,
87,tdec_896embd_add_100000_s1,add,896,100000,1,27739,2.507777690887451,2.4470643997192383,2.399336814880371,2.4040563106536865,0,0,0,0,,,,,,,,,,,,,,,,,,,,,,,,,,,,,,,,
88,tdec_256embd_add_10000_s3,add,256,10000,3,31999,3.3614351749420166,6.304434299468994,7.836116313934326,9.920188903808594,0.1899999976158142,0,0,0,,,,,,,,,,,,,,,,,,,,,,,,,,,,,,,,
89,tdec_64embd_add_10000_s3,add,64,10000,3,31999,0.7949223518371582,1.260625243186951,1.4331376552581787,1.5277493000030518,0.1599999964237213,0,0,0,,,,,,,,,,,,,,,,,,,,,,,,,,,,,,,,
90,tdec_1344embd_add_100000_s1,add,1344,100000,1,31999,7.534560495514597e-07,0.4159398674964905,6.225005626678467,8.92232894897461,1,0.44999998807907104,0,0,,,,,,,,,,,,,,,,,,,,,,,,,,,,,,,,
91,tdec_1472embd_add_1000000_s1,add,1472,1000000,1,31999,3.993157235981926e-07,0.1304013729095459,5.480438709259033,7.74069881439209,1,0.5699999928474426,0,0,,,,,,,,,,,,,,,,,,,,,,,,,,,,,,,,
92,tdec_704embd_add_10000000_s1,add,704,10000000,1,31999,1.7085740182665177e-05,0.06990161538124084,5.022859573364258,8.036101341247559,1,0.7200000286102295,0,0,,,,,,,,,,,,,,,,,,,,,,,,,,,,,,,,
93,tdec_576embd_mix_10000_s1,mix,576,10000,1,31999,0.2821658253669739,2.705535650253296,4.899838447570801,6.4588117599487305,0.7599999904632568,0,0,0,1.0369017644507041e-08,8.666431199344515e-07,0.002303321612998843,2.7526473331818124e-06,0.2051961719989777,1.4818649291992188,2.248872995376587,0.2583187222480774,1.7130645513534546,2.8909740447998047,2.7984249591827393,4.52819299697876,4.97004508972168,6.819677829742432,1.3770740032196045,9.218944549560549,1,1,0.9900000095367432,1,0.09000000357627869,0.10999999940395357,0,0.6399999856948853,0,0,0.009999999776482582,0,0,0,0.019999999552965164,0
94,tdec_256embd_mix_10000000_s2,mix,256,10000000,2,31999,1.2102768778277095e-05,0.0002147783088730648,1.86279821395874,3.299891948699951,1,1,0,0,9.193066752288814e-09,2.990022096582834e-07,1.740018831242196e-07,1.5642735888832249e-06,6.876877023387351e-08,5.815398367303715e-07,9.336687867289584e-07,2.4017313080548774e-06,0.8537493348121643,1.5182942152023315,1.2102689743041992,2.433809757232666,1.839108109474182,3.7917330265045166,0.06127601116895676,5.301141262054443,1,1,1,1,1,1,1,1,0,0,0.18000000715255737,0,0,0,0.5400000214576721,0
95,tdec_576embd_add_10000_s1,add,576,10000,1,31999,0.751966655254364,1.772594928741455,4.105101108551025,5.689621448516846,0.6600000262260437,0.05999999865889549,0,0,,,,,,,,,,,,,,,,,,,,,,,,,,,,,,,,
96,tdec_256embd_add_10000000_s2,add,256,10000000,2,31999,0.14126139879226685,0.4787842631340027,0.8582656979560852,1.409104347229004,0.6800000071525574,0.019999999552965164,0,0,,,,,,,,,,,,,,,,,,,,,,,,,,,,,,,,
97,tdec_1280embd_mix_10000000_s1,mix,1280,10000000,1,31999,3.1363256312033627e-06,1.2043403387069702,5.707943916320801,8.169791221618652,1,0.07000000029802322,0,0,6.631006410628971e-09,1.3648077334948994e-08,5.209940923123213e-07,2.643546110903117e-07,0.4717601537704468,0.7592135667800903,0.6812145113945007,0.2880557179450989,1.6530556678771973,3.3174872398376465,2.909431219100952,4.470067501068115,5.77231502532959,8.033088684082031,5.2578654289245605,8.683246612548828,1,1,1,1,0.009999999776482582,0.20000000298023224,0.15000000596046448,0.3100000023841858,0,0,0,0,0,0,0,0
98,tdec_1472embd_mix_100000_s1,mix,1472,100000,1,31999,1.0167458412979613e-06,0.06176390126347542,8.868858337402344,13.582345008850098,1,0.7900000214576721,0,0,0,0,1.720019571216369e-09,9.621648899837965e-08,0.2657760977745056,0.05888371914625168,0.006832024548202753,0.00024642772041261196,4.216691970825195,7.896140575408936,6.138864040374756,9.604076385498049,8.797857284545898,12.717650413513184,0.6974391341209412,13.795781135559082,1,1,1,1,0.23999999463558197,0.8500000238418579,0.9800000190734864,1,0,0,0,0,0,0,0.3100000023841858,0
99,tdec_704embd_mix_1000000_s1,mix,704,1000000,1,31999,6.291120939749817e-07,0.4045403003692627,3.089585304260254,3.982025861740112,1,0.12999999523162842,0,0,8.978063625875166e-09,3.2199999111526274e-08,4.909090307592123e-07,7.9228492211314e-08,1.6592384576797483,0.14283663034439087,0.3815988600254059,0.28546082973480225,1.4508379697799685,2.764801263809204,1.808660864830017,2.9535579681396484,3.2145862579345703,4.1768574714660645,8.282634735107422,12.035839080810549,1,1,1,1,0,0.5400000214576721,0.3199999928474426,0.3100000023841858,0,0,0.029999999329447743,0,0,0,0,0
100,tdec_256embd_mix_1000000_s2,mix,256,1000000,2,31999,6.727667823724914e-06,0.00014895177446305752,2.371103286743164,3.951908826828003,1,1,0,0,2.113408292814256e-08,1.9027380915304093e-07,2.9484883157238073e-07,8.181123689610104e-07,4.795102768184734e-07,6.641848244726134e-07,3.984458089689724e-06,1.4136695654087816e-06,1.475899338722229,2.8651158809661865,1.702904224395752,2.9746663570404053,2.540658712387085,4.404021739959717,0.004333296790719032,4.435284614562988,1,1,1,1,1,1,1,1,0,0,0.20000000298023224,0,0,0,0.9900000095367432,0
101,tdec_64embd_mix_10000000_s2,mix,64,10000000,2,31999,1.6706141233444214,1.858640432357788,1.94502854347229,1.985421657562256,0,0,0,0,3.6751769130205503e-06,0.005598629824817181,1.8871798515319824,5.99427949055098e-05,9.694270374893676e-06,0.009924795478582382,2.020692825317383,9.27871951716952e-05,4.768882354255766e-05,0.06958359479904175,0.03391386941075325,0.07403192669153214,2.0833709239959717,2.0998189449310303,0.0003122397174593061,0.4362873435020447,1,0.9300000071525574,0,0.9900000095367432,1,0.9300000071525574,0,1,1,0.07000000029802322,0.75,0.4300000071525574,0,0,0.9800000190734864,0.019999999552965164
102,tdec_256embd_add_1000000_s2,add,256,1000000,2,31999,0.16251933574676514,0.439917653799057,1.1093647480010986,1.6384433507919312,0.6200000047683716,0,0,0,,,,,,,,,,,,,,,,,,,,,,,,,,,,,,,,
103,tdec_64embd_add_10000000_s2,add,64,10000000,2,31999,1.1538249254226685,1.4815683364868164,1.6219347715377808,1.691088080406189,0.009999999776482582,0,0,0,,,,,,,,,,,,,,,,,,,,,,,,,,,,,,,,
104,tdec_64embd_mix_1000000_s2,mix,64,1000000,2,31999,0.4625967741012573,0.6069365739822388,0.739957869052887,0.8728929758071899,0.14000000059604645,0.009999999776482582,0,0,1.4538723917212336e-05,0.006618807092308998,0.015172576531767843,0.00011110661580460146,2.485075492586475e-05,0.01255418173968792,0.031524840742349625,0.0001588200539117679,6.273839244386181e-05,0.0029111476615071297,0.02556075155735016,0.054142121225595474,0.10975075513124466,0.3067065179347992,0.0007436831365339458,0.3130066692829132,1,0.959999978542328,0.8799999952316284,1,1,0.8500000238418579,0.7699999809265137,1,1,0.9200000166893004,0.7400000095367432,0.5799999833106995,0.33000001311302185,0.029999999329447743,0.9900000095367432,0.019999999552965164
105,tdec_256embd_mix_100000_s2,mix,256,100000,2,31999,0.0004089713329449296,6.529044185299426e-05,2.577181100845337,3.80713415145874,0.9900000095367432,1,0,0,1.0619321422211671e-08,1.1914168851490105e-07,5.2348351431419366e-08,8.136699989336194e-07,4.5336751242075486e-08,2.988571452533506e-07,1.642437439386413e-07,5.004957074561389e-06,1.0021239519119265,2.288095474243164,1.754186511039734,3.3286712169647217,2.6377439498901367,4.396440505981445,0.022900234907865524,4.786539077758789,1,1,1,1,1,1,1,1,0,0,0.20000000298023224,0,0,0,0.8399999737739563,0
106,tdec_64embd_add_1000000_s2,add,64,1000000,2,31999,1.1769707202911377,1.4847179651260376,1.623404860496521,1.695751070976257,0,0,0,0,,,,,,,,,,,,,,,,,,,,,,,,,,,,,,,,
107,tdec_1024embd_mix_10000000_s1,mix,1024,10000000,1,28999,0.0002268488024128601,0.4531899392604828,4.527328968048096,5.903741836547852,1,0.12999999523162842,0,0,2.742966444202466e-06,7.012213814050483e-07,0.00011894090857822448,0.0006375231314450502,0.7044587731361389,0.15203455090522766,0.2853162884712219,0.1887354999780655,2.585481643676758,4.86777925491333,2.3225698471069336,3.748969078063965,4.0677080154418945,5.208361625671387,4.082426071166992,9.883844375610352,1,1,1,1,0,0.5400000214576721,0.25,0.5099999904632568,0,0,0.019999999552965164,0,0,0,0,0
108,tdec_256embd_add_100000_s2,add,256,100000,2,31999,0.30076560378074646,0.7688641548156738,1.0365417003631592,1.2405136823654177,0.44999998807907104,0,0,0,,,,,,,,,,,,,,,,,,,,,,,,,,,,,,,,
109,tdec_64embd_mix_100000_s2,mix,64,100000,2,49999,0.0897635966539383,0.0957147628068924,0.1632211059331894,0.3379099369049072,0.5899999737739563,0.4900000095367432,0.2199999988079071,0.019999999552965164,7.435854058712721e-06,0.0006327730952762067,0.00027110299561172724,4.4923031964572147e-05,1.0679247679945549e-05,0.0012091873213648796,0.0005019387463107705,7.540778460679576e-05,3.347013262100518e-05,0.09626585245132446,0.003302552504464984,0.09731995314359664,0.0028545327950268984,0.06673367321491241,0.00027443989529274404,0.1838325560092926,1,1,1,1,1,0.9700000286102296,0.9900000095367432,1,1,0.03999999910593033,0.9900000095367432,0.4300000071525574,0.9900000095367432,0.5,0.9900000095367432,0.119999997317791
110,tdec_64embd_add_100000_s2,add,64,100000,2,49999,1.072149395942688,1.4379380941390991,1.584924578666687,1.6542637348175049,0,0,0,0,,,,,,,,,,,,,,,,,,,,,,,,,,,,,,,,
111,tdec_512embd_mix_10000000_s1,mix,512,10000000,1,49999,7.754287878469769e-08,0.15799523890018463,3.6325435638427734,4.897891044616699,1,0.6000000238418579,0,0,1.516133329992897e-09,4.540784637185879e-09,1.4649962132295968e-08,2.0349975926592382e-08,0.2384157627820969,0.03063495084643364,0.04641611501574516,3.407504664210137e-06,2.11685848236084,3.522999048233032,2.154852390289306,3.2219390869140625,3.749593734741211,5.0428786277771,3.9858243465423584,11.686291694641112,1,1,1,1,0.029999999329447743,0.8399999737739563,0.8600000143051147,1,0,0,0,0,0,0,0,0
112,tdec_1280embd_add_10000000_s1,add,1280,10000000,1,49999,0.0004046741232741624,0.12741142511367798,6.356487274169922,9.399521827697754,1,0.5699999928474426,0,0,,,,,,,,,,,,,,,,,,,,,,,,,,,,,,,,
113,tdec_256embd_mix_10000_s2,mix,256,10000,2,37079,0.04392150789499283,0.06142263114452362,3.193201065063477,4.7611799240112305,0.9200000166893004,0.8700000047683716,0,0,1.1415454359564592e-08,1.9763882619372453e-07,1.932891393607861e-07,5.893083653063513e-06,3.61994182185299e-07,2.673333710845327e-06,3.332304459036095e-06,4.018069739686325e-05,1.9722914695739744,3.8076555728912354,1.7492026090621948,2.889182806015014,3.02724552154541,4.697239398956299,0.08260924369096756,7.067901134490967,1,1,1,1,1,1,1,1,0,0,0.07999999821186066,0,0,0,0.6700000166893005,0
114,tdec_704embd_add_1000000_s1,add,704,1000000,1,49999,0.000159958130097948,0.03284810483455658,2.762122392654419,4.214323043823242,1,0.8600000143051147,0,0,,,,,,,,,,,,,,,,,,,,,,,,,,,,,,,,
115,tdec_1472embd_add_100000_s1,add,1472,100000,1,49999,1.9374857629372857e-07,0.05584000423550606,7.442609786987305,12.961251258850098,1,0.8600000143051147,0,0,,,,,,,,,,,,,,,,,,,,,,,,,,,,,,,,
116,tdec_64embd_mix_10000_s2,mix,64,10000,2,49999,0.04931999742984772,0.05725361034274101,0.13326114416122437,0.6550792455673218,0.75,0.699999988079071,0.27000001072883606,0,4.488801096158568e-06,0.0004555573977995664,0.0001710359938442707,5.767432594439015e-05,1.0284175914421212e-05,0.000787616241723299,0.00038029567804187536,0.0001275323302252218,2.3703574697719887e-05,0.04859301447868347,0.00934536848217249,0.30806002020835876,0.005390495527535677,0.48010215163230896,0.0010628813179209828,0.569674551486969,1,1,1,1,1,0.9700000286102296,1,1,1,0.18000000715255737,0.9300000071525574,0.119999997317791,0.949999988079071,0.029999999329447743,0.9800000190734864,0.009999999776482582
117,tdec_256embd_add_10000_s2,add,256,10000,2,49999,3.090151690088305e-09,5.488481633619813e-07,3.0251529216766357,4.282533168792725,1,1,0,0,,,,,,,,,,,,,,,,,,,,,,,,,,,,,,,,
118,tdec_64embd_add_10000_s2,add,64,10000,2,49999,0.7748253345489502,1.224441647529602,1.4010564088821411,1.493735909461975,0.119999997317791,0,0,0,,,,,,,,,,,,,,,,,,,,,,,,,,,,,,,,
119,tdec_512embd_add_10000000_s1,add,512,10000000,1,48399,4.889589490630897e-06,0.75760817527771,3.3521649837493896,4.167449474334717,1,0.07999999821186066,0,0,,,,,,,,,,,,,,,,,,,,,,,,,,,,,,,,
120,tdec_832embd_mix_10000000_s1,mix,832,10000000,1,46539,8.441041245532688e-06,1.4787631034851074,5.078995704650879,6.526046276092529,1,0.14000000059604645,0,0,5.170462724635172e-09,8.830871252030192e-07,1.2806009408450336e-06,2.6556844545666536e-07,0.5376592874526978,1.0059605836868286,1.093478441238403,0.9071090817451476,2.4717447757720947,3.7107994556427,2.496180772781372,3.365100145339966,4.626394271850586,5.776401996612549,6.023904800415039,11.41853141784668,1,1,1,1,0,0.17000000178813934,0.03999999910593033,0.029999999329447743,0,0,0,0,0,0,0,0
121,tdec_1024embd_add_10000000_s1,add,1024,10000000,1,23859,0.00022053257271181792,0.06869619339704514,4.3366522789001465,5.867023468017578,0.9900000095367432,0.7599999904632568,0,0,,,,,,,,,,,,,,,,,,,,,,,,,,,,,,,,
122,tdec_1280embd_mix_1000000_s1,mix,1280,1000000,1,49999,9.289129820899688e-07,0.2896156311035156,5.403591156005859,6.583326816558838,1,0.2300000041723251,0,0,1.0549073836685352e-09,3.474375986911582e-08,2.7131429547466723e-08,3.6557503690914923e-09,0.4817635416984558,0.05922867730259895,0.12061211466789246,0.094324491918087,1.803544521331787,3.3370351791381836,2.2113730907440186,3.3752782344818115,4.740889549255371,5.883753776550293,7.44155216217041,13.315329551696776,1,1,1,1,0.009999999776482582,0.8700000047683716,0.5899999737739563,0.75,0,0,0,0,0,0,0,0
123,tdec_704embd_mix_100000_s1,mix,704,100000,1,39979,8.906301445676945e-06,0.3377027213573456,3.2080423831939697,4.111661911010742,1,0.36000001430511475,0,0,2.7370754551725444e-08,3.8594143347836507e-07,5.708325829800742e-07,0.0010557036148384211,1.2733932733535769,0.12985864281654358,0.17208179831504822,0.06985357403755188,1.820767879486084,2.9549505710601807,1.889924168586731,3.016840934753418,3.443887233734131,4.326286315917969,5.054746150970459,11.911678314208984,1,1,1,0.9900000095367432,0,0.7300000190734863,0.4300000071525574,0.699999988079071,0,0,0,0,0,0,0,0
124,tdec_512embd_mix_1000000_s1,mix,512,1000000,1,49999,1.978466571017634e-06,0.6009145975112915,3.972169160842895,4.7423248291015625,1,0.07000000029802322,0,0,6.374385463914223e-10,2.4243407281687723e-08,4.8285372145073786e-08,2.901491029660974e-07,0.4725203812122345,0.34471747279167175,0.3088810443878174,0.021385088562965393,2.006824254989624,2.755934476852417,2.1593077182769775,3.2712531089782715,4.191295146942139,4.78861665725708,5.3489484786987305,10.920439720153809,1,1,1,1,0.019999999552965164,0.27000001072883606,0.36000001430511475,0.8799999952316284,0,0,0.019999999552965164,0,0,0,0,0
125,tdec_512embd_add_1000000_s1,add,512,1000000,1,49999,3.783634099363553e-07,0.6356810927391052,4.207504749298096,5.552326202392578,1,0.019999999552965164,0,0,,,,,,,,,,,,,,,,,,,,,,,,,,,,,,,,
126,tdec_1280embd_add_1000000_s1,add,1280,1000000,1,49999,4.0167542181279714e-08,2.5517821311950684,5.211298942565918,7.751592636108398,1,0.009999999776482582,0,0,,,,,,,,,,,,,,,,,,,,,,,,,,,,,,,,
127,tdec_704embd_add_100000_s1,add,704,100000,1,49999,0.00014520142576657236,3.9314000606536865,5.169307708740234,8.263545036315918,1,0,0,0,,,,,,,,,,,,,,,,,,,,,,,,,,,,,,,,
128,tdec_16embd_mix_10000000_s1,mix,16,10000000,1,49999,1.8419005870819092,2.0010361671447754,2.063437223434448,2.100388526916504,0,0,0,0,0.11462689191102982,0.4677928686141968,1.9348464012145996,0.30429062247276306,0.2374994307756424,0.5394180417060852,2.063519239425659,0.5415759086608887,0.4075896143913269,0.4668540060520172,0.5799726843833923,0.5947954654693604,2.1213057041168213,2.1398069858551025,0.8347938656806946,0.9637462496757508,0.4099999964237213,0.12999999523162842,0,0.20000000298023224,0,0.009999999776482582,0,0,0,0,0,0,0,0,0,0
129,tdec_16embd_add_10000000_s1,add,16,10000000,1,49999,1.4827896356582642,1.7344741821289062,1.828768610954285,1.8888533115386963,0,0,0,0,,,,,,,,,,,,,,,,,,,,,,,,,,,,,,,,
130,tdec_832embd_add_10000000_s1,add,832,10000000,1,49999,0.00022009463282302025,0.182792067527771,3.38285493850708,4.393538475036621,1,0.38999998569488525,0,0,,,,,,,,,,,,,,,,,,,,,,,,,,,,,,,,
131,tdec_16embd_mix_1000000_s1,mix,16,1000000,1,49999,1.7946206331253052,1.9640408754348757,2.019164800643921,2.064150094985962,0,0,0,0,0.5190942883491516,0.46168598532676697,1.9295663833618164,0.8844642639160156,0.6824454665184021,0.5268356800079346,2.0523064136505127,1.2619645595550537,0.7830349206924438,0.8168134093284607,0.5623419284820557,0.559887170791626,2.1036484241485596,2.1206700801849365,1.4712187051773071,1.5574802160263062,0,0.05999999865889549,0,0.009999999776482582,0,0.009999999776482582,0,0,0,0,0,0,0,0,0,0
132,tdec_384embd_mix_10000000_s1,mix,384,10000000,1,49999,2.1994883070419746e-07,0.002283918671309948,4.629049777984619,6.702371120452881,1,0.9900000095367432,0,0,1.1752033124423631e-08,6.90304560180266e-08,1.5228984295845294e-08,1.243540168616164e-07,0.14687436819076538,0.001105919131077826,0.00011881261161761358,1.1848475196529762e-06,2.2027862071990967,3.787745952606201,2.477126121520996,4.913797378540039,4.476037502288818,7.523519515991211,2.7679500579833984,8.882136344909668,1,1,1,1,0.09000000357627869,0.9900000095367432,1,1,0,0,0.019999999552965164,0,0,0,0,0
133,tdec_1408embd_mix_10000000_s1,mix,1408,10000000,1,47139,1.512408402959409e-07,0.8500452637672424,6.1970086097717285,8.82397174835205,1,0.07000000029802322,0,0,1.3245475549705787e-10,3.046157548425299e-09,1.3740273807627544e-08,3.6412014736697535e-08,0.042753804475069046,0.7171120643615723,0.7993000745773315,0.13050512969493866,3.145493984222412,5.312532901763916,3.7639315128326416,6.476852893829346,5.888827323913574,8.782005310058594,10.48428440093994,15.446158409118652,1,1,1,1,0.5600000023841858,0.20000000298023224,0.2199999988079071,0.6200000047683716,0,0,0,0,0,0,0,0
134,tdec_16embd_add_1000000_s1,add,16,1000000,1,49999,1.4842606782913208,1.74821138381958,1.842024564743042,1.8930877447128296,0,0,0,0,,,,,,,,,,,,,,,,,,,,,,,,,,,,,,,,
135,tdec_512embd_mix_100000_s1,mix,512,100000,1,49999,9.00776794878766e-05,0.19739574193954468,3.7758028507232666,4.736945152282715,0.9900000095367432,0.3499999940395355,0,0,1.0905027991725548e-08,4.355051874682658e-09,1.6909403655063218e-07,7.859096626816608e-07,0.2931497395038605,0.03674062341451645,0.08967427909374237,0.0033116918057203293,1.4022493362426758,2.1905999183654785,2.293515205383301,3.4539923667907715,3.9860970973968506,5.1763691902160645,2.4444727897644043,9.919689178466797,1,1,1,1,0.029999999329447743,0.8199999928474426,0.6100000143051147,0.9900000095367432,0,0,0,0,0,0,0,0
136,tdec_16embd_mix_100000_s1,mix,16,100000,1,49999,1.7969590425491333,1.9620033502578735,2.0243215560913086,2.059917449951172,0,0,0,0,0.613105058670044,0.4601489007472992,1.9358705282211304,1.359813213348389,0.794791042804718,0.5193024277687073,2.061099052429199,1.6164336204528809,0.8827846646308899,0.9110036492347716,0.5536767840385437,0.5604091286659241,2.115795135498047,2.1330301761627197,1.775246262550354,1.8264808654785156,0,0.029999999329447743,0,0,0,0.019999999552965164,0,0,0,0,0,0,0,0,0,0
137,tdec_16embd_add_100000_s1,add,16,100000,1,49999,1.507613182067871,1.7436513900756836,1.8418655395507812,1.8929557800292969,0,0,0,0,,,,,,,,,,,,,,,,,,,,,,,,,,,,,,,,
138,tdec_384embd_add_10000000_s1,add,384,10000000,1,49999,1.7579581879090258e-07,0.00030980780138634145,3.7153258323669434,5.090281009674072,1,1,0,0,,,,,,,,,,,,,,,,,,,,,,,,,,,,,,,,
139,tdec_16embd_mix_10000_s1,mix,16,10000,1,49999,1.8284660577774048,1.971463918685913,2.037060022354126,2.074244260787964,0.009999999776482582,0,0,0,0.3024393320083618,0.46144455671310425,1.9488099813461304,0.5728706121444702,0.4885980486869812,0.5394029021263123,2.058636426925659,1.0233404636383057,0.6441407799720764,0.6900003552436829,0.5741293430328369,0.5859778523445129,2.1031548976898193,2.124619245529175,1.3116438388824463,1.3979544639587402,0.14000000059604645,0.07000000029802322,0,0.03999999910593033,0,0,0,0,0,0,0,0,0,0,0,0
140,tdec_1280embd_mix_100000_s1,mix,1280,100000,1,49999,0.0003697468200698495,0.17554035782814026,5.462918758392334,7.552961826324463,1,0.6600000262260437,0,0,4.858251578809814e-10,3.6232377098599504e-09,1.3632917728045868e-07,2.094384576878383e-08,0.5514101982116699,0.027470536530017853,0.04316818341612816,0.012681406922638416,3.0540716648101807,5.019617557525635,2.118494033813477,4.4553632736206055,4.481812953948975,6.3948869705200195,4.300302982330322,11.00844955444336,1,1,1,1,0.009999999776482582,0.8999999761581421,0.8600000143051147,0.9399999976158142,0,0,0.009999999776482582,0,0,0,0,0
141,tdec_16embd_add_10000_s1,add,16,10000,1,49999,1.4887295961380005,1.737132906913757,1.8402106761932373,1.8902299404144287,0,0,0,0,,,,,,,,,,,,,,,,,,,,,,,,,,,,,,,,
142,tdec_512embd_add_100000_s1,add,512,100000,1,49999,1.4623956303694283e-06,1.02300226688385,4.946694374084473,9.045960426330566,1,0,0,0,,,,,,,,,,,,,,,,,,,,,,,,,,,,,,,,
143,tdec_1024embd_mix_1000000_s1,mix,1024,1000000,1,49999,2.582706599696394e-07,0.4259730577468872,4.717031478881836,6.146312713623047,1,0.20000000298023224,0,0,1.163708684970288e-09,1.3072237514677454e-08,1.3151168332115049e-07,2.789354525134513e-09,0.1140204817056656,0.8927021622657776,0.5380632281303406,0.026711517944931984,2.012735366821289,3.6701717376708984,2.968607187271118,4.787407875061035,4.470416069030762,6.319240570068359,9.887380599975586,12.166101455688477,1,1,1,1,0.17000000178813934,0.2300000041723251,0.1599999964237213,0.8799999952316284,0,0,0,0,0,0,0,0
144,tdec_384embd_mix_1000000_s1,mix,384,1000000,1,49999,1.7506880567452757e-07,0.0060186912305653095,3.847235679626465,5.072577953338623,1,0.9700000286102296,0,0,5.414088066757472e-10,3.611495102973094e-09,1.9459491795714712e-08,2.4854314162325863e-08,0.019419124349951744,1.668223177375694e-07,2.259592838527169e-05,7.099406218458172e-08,1.995653510093689,3.61539888381958,2.493100166320801,4.617416858673096,3.912740468978882,6.603290557861328,2.8869357109069824,12.751184463500977,1,1,1,1,0.7900000214576721,1,1,1,0,0,0.14000000059604645,0,0,0,0,0
145,tdec_1280embd_add_100000_s1,add,1280,100000,1,49999,0.00022634744527749717,3.11903715133667,4.975009441375732,7.29683780670166,1,0,0,0,,,,,,,,,,,,,,,,,,,,,,,,,,,,,,,,
146,tdec_384embd_add_1000000_s1,add,384,1000000,1,49999,5.380154988188224e-09,0.1656659096479416,4.377089977264404,6.284080982208252,1,0.6100000143051147,0,0,,,,,,,,,,,,,,,,,,,,,,,,,,,,,,,,
147,tdec_640embd_mix_10000000_s1,mix,640,10000000,1,49999,3.564959456525685e-07,0.5288161039352417,4.021854400634766,4.106514930725098,1,0.029999999329447743,0,0,8.105753401821403e-09,6.852811651469892e-09,3.6511030998553906e-07,3.456467538853758e-07,1.5665196180343628,0.29125210642814636,0.4869677722454071,0.1583745777606964,1.6505134105682373,2.5766098499298096,1.9702932834625244,2.7000017166137695,3.852287530899048,3.6450250148773193,8.068025588989258,13.086475372314451,1,1,1,1,0,0.3700000047683716,0.10000000149011612,0.6299999952316284,0,0,0,0,0,0,0,0
148,tdec_512embd_mix_10000_s1,mix,512,10000,1,49999,0.26205694675445557,1.7780327796936035,4.341386795043945,5.184203624725342,0.7599999904632568,0.019999999552965164,0,0,2.92559287906613e-09,1.195550908050791e-06,6.575068255187944e-05,3.026889544344158e-06,0.33399325609207153,0.7731039524078369,0.9129279255867004,0.10430009663105012,2.360044002532959,3.681473731994629,1.9845958948135376,3.146885871887207,3.8852672576904297,4.644146919250488,1.683995008468628,7.1905717849731445,1,1,1,1,0.009999999776482582,0.30000001192092896,0.10999999940395357,0.8299999833106995,0,0,0,0,0,0,0.019999999552965164,0
149,tdec_1408embd_add_10000000_s1,add,1408,10000000,1,49999,1.1219901097092588e-07,0.40856701135635376,6.03677225112915,7.349167346954346,1,0.14000000059604645,0,0,,,,,,,,,,,,,,,,,,,,,,,,,,,,,,,,
150,tdec_384embd_mix_100000_s1,mix,384,100000,1,49999,6.572563506779261e-06,0.1478504240512848,3.937907457351685,5.080523490905762,1,0.3499999940395355,0,0,3.943129378569665e-09,1.1174619451992385e-08,5.864229990493187e-08,2.915161587679904e-07,2.6825944132724544e-06,0.03595121204853058,0.03612423315644264,3.749147026610444e-06,1.554429292678833,2.950695276260376,2.268821954727173,4.24454927444458,3.9853925704956055,5.979104518890381,1.7660881280899048,9.997655868530272,1,1,1,1,1,0.7799999713897705,0.800000011920929,1,0,0,0.03999999910593033,0,0,0,0,0
151,tdec_512embd_add_10000_s1,add,512,10000,1,49999,2.2215688228607178,5.069719314575195,7.050642490386963,7.986611843109131,0.3799999952316284,0,0,0,,,,,,,,,,,,,,,,,,,,,,,,,,,,,,,,
152,tdec_832embd_mix_1000000_s1,mix,832,1000000,1,49999,1.7945244508155156e-06,1.1720032691955566,4.293626308441162,5.489421367645264,1,0,0,0,2.7500899335564104e-09,1.0508935588404714e-07,9.903873632310933e-08,1.544257486330025e-07,1.050264835357666,0.7006833553314209,1.430262327194214,0.37549254298210144,2.276489496231079,3.166358232498169,2.23630952835083,3.479954242706299,4.665857315063477,5.739544868469238,5.434563636779785,10.364953994750977,1,1,1,1,0,0.10999999940395357,0,0.2300000041723251,0,0,0,0,0,0,0,0
153,tdec_384embd_add_100000_s1,add,384,100000,1,49999,1.3929247977273462e-08,0.11865048110485076,3.278130292892456,3.785122871398926,1,0.5299999713897705,0,0,,,,,,,,,,,,,,,,,,,,,,,,,,,,,,,,
154,tdec_640embd_add_10000000_s1,add,640,10000000,1,49999,2.329417384316912e-06,0.3911968469619751,5.999621391296387,7.353395938873291,1,0.18000000715255737,0,0,,,,,,,,,,,,,,,,,,,,,,,,,,,,,,,,
155,tdec_1024embd_add_1000000_s1,add,1024,1000000,1,49999,4.9930317800317425e-06,3.033200979232788,7.545200347900391,10.29312229156494,1,0.029999999329447743,0,0,,,,,,,,,,,,,,,,,,,,,,,,,,,,,,,,
156,tdec_1216embd_mix_10000000_s1,mix,1216,10000000,1,49999,2.7131111437483924e-06,0.02363745868206024,4.447165489196777,5.793522834777832,1,0.8399999737739563,0,0,2.4106767693155007e-09,2.880282750084007e-07,1.434413547940494e-07,1.4769881317988622e-08,0.32155176997184753,0.001960609806701541,0.00944164302200079,0.12596763670444489,1.8531144857406616,2.8906936645507812,2.5393123626708984,4.016861438751221,4.062816143035889,5.443164825439453,7.1047682762146,11.160562515258787,1,1,1,1,0,1,0.9200000166893004,0.5299999713897705,0,0,0,0,0,0,0,0
157,tdec_448embd_mix_10000000_s1,mix,448,10000000,1,49999,1.644884122242729e-07,0.9716158509254456,3.517886161804199,5.004632472991943,1,0,0,0,4.83783111349112e-08,5.681505044208279e-08,8.094158232552219e-08,2.769795344192971e-07,0.029020559042692184,0.2336598038673401,0.5867855548858643,0.00025388880749233067,1.2884536981582642,2.1311545372009277,1.9588223695755005,3.4315054416656494,3.1491754055023193,5.090742111206055,2.6715307235717773,10.69404411315918,1,1,1,1,0.6899999976158142,0.5199999809265137,0.10999999940395357,1,0,0,0.15000000596046448,0,0,0,0,0
158,tdec_320embd_mix_10000000_s1,mix,320,10000000,1,49999,1.953336095539271e-06,0.0003491730894893408,4.055596828460693,6.029044151306152,1,0.9900000095367432,0,0,8.721197986005791e-09,6.016970921507436e-09,2.984911873227247e-08,1.7586461353857883e-06,1.3675785339728463e-05,0.010773103684186935,0.0034622997045516968,2.6415311822347576e-06,1.8348028659820557,3.4830312728881836,2.366168737411499,3.8298885822296143,4.5121941566467285,7.822885513305664,2.021418333053589,8.689085006713867,1,1,1,1,1,0.959999978542328,0.9900000095367432,1,0,0,0.03999999910593033,0,0,0,0,0
159,tdec_192embd_mix_10000000_s1,mix,192,10000000,1,49999,1.2790825394404235e-06,7.88177021604497e-06,3.2985305786132812,5.117056846618652,1,1,0,0,3.817529403704611e-09,2.0615583196104128e-07,2.268575798325401e-07,9.872025685808695e-08,8.381898730647208e-09,7.492828331123746e-07,5.63583512303012e-07,1.050362499199764e-07,1.538402438163757,4.017841339111328,1.8459205627441408,3.1284759044647217,3.2271852493286133,5.702486038208008,0.32971104979515076,6.411359786987305,1,1,1,1,1,1,1,1,0,0,0.07000000029802322,0,0,0,0.03999999910593033,0
160,tdec_320embd_add_10000000_s1,add,320,10000000,1,49999,5.881074116587115e-07,0.05698258429765701,4.342561721801758,3.922121286392212,1,0.8100000023841858,0,0,,,,,,,,,,,,,,,,,,,,,,,,,,,,,,,,
161,tdec_1408embd_mix_1000000_s1,mix,1408,1000000,1,49999,7.028915671725144e-09,0.287293404340744,6.759385585784912,9.029163360595703,1,0.4399999976158142,0,0,0,0,3.5762784400539255e-10,4.9258939149865455e-09,0.9974664449691772,0.4054904282093048,0.14459297060966492,0.10947408527135848,2.4911701679229736,3.9794766902923584,3.979045391082764,7.531528949737549,6.10465145111084,8.873197555541992,5.741130352020264,17.85138702392578,1,1,1,1,0,0.4600000083446502,0.6800000071525574,0.7200000286102295,0,0,0,0,0,0,0,0
162,tdec_832embd_add_1000000_s1,add,832,1000000,1,49999,0.0008183200843632221,2.3109772205352783,3.8625338077545166,5.32103157043457,1,0,0,0,,,,,,,,,,,,,,,,,,,,,,,,,,,,,,,,
163,tdec_448embd_add_10000000_s1,add,448,10000000,1,49999,7.851195550756529e-05,0.1961883157491684,3.7585573196411137,4.9252142906188965,1,0.4600000083446502,0,0,,,,,,,,,,,,,,,,,,,,,,,,,,,,,,,,
164,tdec_192embd_add_10000000_s1,add,192,10000000,1,49999,0.19011570513248444,0.5795211791992188,0.880836546421051,1.1647640466690063,0.5799999833106995,0,0,0,,,,,,,,,,,,,,,,,,,,,,,,,,,,,,,,
165,tdec_1216embd_add_10000000_s1,add,1216,10000000,1,49999,9.042204510478768e-06,1.25554096698761,5.782238960266113,7.446395874023437,1,0.019999999552965164,0,0,,,,,,,,,,,,,,,,,,,,,,,,,,,,,,,,
166,tdec_320embd_mix_1000000_s1,mix,320,1000000,1,49999,3.414570301174535e-06,5.945368320681155e-05,3.244049072265625,4.251460075378418,1,1,0,0,1.4593672936769051e-09,1.658856341180126e-08,2.2233937357896142e-08,5.81532972887544e-08,0.00012486234481912106,2.2567730866285274e-06,1.6884883734746836e-05,3.859838761854917e-05,1.7610589265823364,2.5386011600494385,2.221787929534912,3.120697259902954,3.328702926635742,4.634022235870361,2.012180805206299,9.964439392089844,1,1,1,1,0.9900000095367432,1,1,1,0,0,0.12999999523162842,0,0,0,0,0
167,tdec_192embd_mix_1000000_s1,mix,192,1000000,1,49999,0.0002171814994653687,0.0005854713381268084,2.1808724403381348,3.9622933864593506,1,0.9900000095367432,0,0,5.983683593058231e-08,2.456668255490513e-07,3.6391534763424715e-07,1.4735206832483527e-06,9.428691782886744e-08,5.383348025134183e-07,1.3667955727214576e-06,3.978774202550994e-06,2.2086598873138428,4.521444320678711,1.3467668294906616,2.7038254737854004,2.2513113021850586,4.108536243438721,0.0013118998613208532,4.156290054321289,1,1,1,1,1,1,1,1,0,0,0.14000000059604645,0,0,0,0.9900000095367432,0
168,tdec_640embd_mix_1000000_s1,mix,640,1000000,1,49999,1.7923370876360425e-07,0.7815778851509094,4.518404483795166,5.615538120269775,1,0.07999999821186066,0,0,7.947285607379229e-10,1.3835016687835378e-08,1.5568160094403538e-08,1.6877317321473132e-08,0.8287540674209595,0.6163052320480347,0.5502338409423828,0.30261731147766113,2.957355260848999,4.411635875701904,2.159187078475952,3.7334511280059814,4.237300395965576,5.520799160003662,11.081335067749023,13.819377899169922,1,1,1,1,0,0.20999999344348907,0.17000000178813934,0.2300000041723251,0,0,0,0,0,0,0,0
169,tdec_192embd_add_1000000_s1,add,192,1000000,1,49999,0.06107650697231293,0.28950637578964233,1.6596282720565796,2.6894545555114746,0.8700000047683716,0.07999999821186066,0,0,,,,,,,,,,,,,,,,,,,,,,,,,,,,,,,,
170,tdec_320embd_add_1000000_s1,add,320,1000000,1,49999,1.7943616370530435e-08,0.1731378138065338,3.291522741317749,4.542218208312988,1,0.4399999976158142,0,0,,,,,,,,,,,,,,,,,,,,,,,,,,,,,,,,
171,tdec_448embd_mix_1000000_s1,mix,448,1000000,1,49999,1.992659963434562e-05,0.13627098500728607,4.139547348022461,5.494459629058838,1,0.5299999713897705,0,0,6.862636325877247e-08,1.7392595808018996e-08,1.8768197662666353e-07,5.596725713985506e-07,0.14675235748291016,0.023832207545638084,0.11681485176086426,4.645455646823393e-06,1.3804030418395996,2.4481287002563477,2.2295889854431152,3.7811496257781982,3.722306489944458,5.387389659881592,8.135072708129883,12.795382499694824,1,1,1,1,0.03999999910593033,0.8799999952316284,0.5400000214576721,1,0,0,0.05999999865889549,0,0,0,0,0
172,tdec_192embd_mix_100000_s1,mix,192,100000,1,49999,0.003975698258727789,0.004186538513749838,1.934815049171448,3.702831506729126,0.9900000095367432,0.959999978542328,0,0,6.265224072876664e-08,2.3225118184200255e-06,5.943948622189055e-07,4.33616696682293e-06,1.6920263590236573e-07,2.8057993404217996e-06,1.6132918290168163e-06,7.8603425208712e-06,0.5755373239517212,1.6883751153945925,1.3310158252716064,2.465041399002075,1.9757752418518064,3.7278878688812256,0.006289228331297636,4.390768527984619,1,1,1,1,1,1,1,1,0,0,0.17000000178813934,0,0,0,0.8799999952316284,0
173,tdec_1408embd_add_1000000_s1,add,1408,1000000,1,49999,8.416889585305398e-08,0.11177607625722884,10.714313507080078,13.471465110778809,1,0.5899999737739563,0,0,,,,,,,,,,,,,,,,,,,,,,,,,,,,,,,,
174,tdec_192embd_add_100000_s1,add,192,100000,1,49999,0.012776762247085571,0.034280937165021896,2.6542391777038574,4.4068827629089355,0.9700000286102296,0.8299999833106995,0,0,,,,,,,,,,,,,,,,,,,,,,,,,,,,,,,,
175,tdec_320embd_mix_100000_s1,mix,320,100000,1,49999,1.716840301924094e-06,0.011191912926733494,2.55352783203125,4.261005878448486,1,0.949999988079071,0,0,1.2900374990465481e-08,5.3403429234322175e-08,2.8384569361605827e-08,5.128820248501142e-07,0.013034521602094172,0.00015292313764803112,8.029200398596004e-05,1.4654387996415608e-06,1.034530520439148,2.51686954498291,1.4871573448181152,2.7172060012817383,2.6234161853790283,5.085753440856934,1.2079060077667236,7.704766750335693,1,1,1,1,0.7699999809265137,0.9900000095367432,1,1,0,0,0.12999999523162842,0,0,0,0,0
176,tdec_448embd_add_1000000_s1,add,448,1000000,1,49999,1.111234837480879e-06,0.7811520099639893,4.496735095977783,5.113554954528809,1,0.05000000074505806,0,0,,,,,,,,,,,,,,,,,,,,,,,,,,,,,,,,
177,tdec_640embd_add_1000000_s1,add,640,1000000,1,49999,9.897834729599708e-08,0.6339735388755798,4.423527717590332,5.242178916931152,1,0.029999999329447743,0,0,,,,,,,,,,,,,,,,,,,,,,,,,,,,,,,,
178,tdec_128embd_mix_10000000_s1,mix,128,10000000,1,49999,0.014243854209780691,0.018425708636641502,0.31120091676712036,2.3217976093292236,0.9300000071525574,0.8799999952316284,0.23999999463558197,0,5.332933596946532e-07,1.1146901670144873e-05,1.088130011339672e-05,5.596294158749515e-06,9.161198022411554e-07,2.6925181373371743e-05,1.907489240693394e-05,1.6080008208518848e-05,4.129979060962796e-06,1.1022568941116333,0.4370134770870209,1.4221322536468506,0.7386321425437927,2.5562899112701416,0.0005880504613742232,1.6839728355407717,1,1,1,1,1,1,1,1,1,0,0.1899999976158142,0.019999999552965164,0,0,0.9900000095367432,0
179,tdec_320embd_add_100000_s1,add,320,100000,1,49999,3.394375980292352e-08,0.07954166829586029,3.903193950653076,4.611789703369141,1,0.8700000047683716,0,0,,,,,,,,,,,,,,,,,,,,,,,,,,,,,,,,
180,tdec_1216embd_mix_1000000_s1,mix,1216,1000000,1,49999,1.2988290336579666e-06,0.4235362708568573,4.615355491638184,6.3613362312316895,1,0.1599999964237213,0,0,5.5884079586121516e-09,2.5124265334852683e-08,2.618399150833284e-07,2.209177694112441e-07,0.1954990178346634,0.05589696392416954,0.34765779972076416,0.007224319502711296,1.971776843070984,3.6984102725982666,2.318233013153076,3.662145376205444,4.475160598754883,6.282527446746826,1.4885975122451782,10.44775104522705,1,1,1,1,0.05000000074505806,0.800000011920929,0.2300000041723251,0.959999978542328,0,0,0,0,0,0,0.009999999776482582,0
181,tdec_128embd_add_10000000_s1,add,128,10000000,1,49999,0.27147045731544495,0.7156445384025574,0.987598717212677,1.1062949895858765,0.44999998807907104,0,0,0,,,,,,,,,,,,,,,,,,,,,,,,,,,,,,,,
182,tdec_128embd_mix_1000000_s1,mix,128,1000000,1,49999,0.01748669706285,0.020047632977366447,1.662947654724121,2.443522691726685,0.9100000262260436,0.7900000214576721,0,0,8.627585543763416e-07,9.629777196096256e-06,8.642712600703817e-06,6.096663582866313e-06,1.1959256198679211e-06,1.9584715118980967e-05,1.7328218746115454e-05,1.2251186490175314e-05,2.0647559722419828e-05,1.0195496082305908,0.7261250019073486,0.9885547757148744,1.868650197982788,2.6447882652282715,0.00017162333824671805,1.972495675086975,1,1,1,1,1,1,1,1,0.9900000095367432,0,0.1899999976158142,0.029999999329447743,0,0,0.9900000095367432,0
183,tdec_1024embd_mix_100000_s1,mix,1024,100000,1,49999,1.6152673197211698e-05,1.077568292617798,6.439237594604492,8.217111587524414,0.9900000095367432,0.009999999776482582,0,0,3.1694530333581383e-10,2.5296721162249017e-08,1.9225328884431292e-08,3.442506368855902e-08,0.716428816318512,0.4001123905181885,0.8888225555419922,0.00017376983305439353,2.459662437438965,3.679654121398926,3.430920362472534,5.1147141456604,6.18241024017334,8.371106147766113,2.332040786743164,12.904793739318848,1,1,1,1,0,0.3199999928474426,0.029999999329447743,1,0,0,0.009999999776482582,0,0,0,0,0
184,tdec_256embd_mix_10000000_s1,mix,256,10000000,1,49999,5.1111446737195365e-06,1.6052203136496246e-05,2.28749418258667,3.9108529090881343,1,0.9900000095367432,0,0,4.992123603386744e-09,4.802143749316201e-08,3.3849747893555104e-08,9.72298153101292e-08,1.085770577446965e-06,4.753484859065793e-07,4.433240690104867e-07,1.3828388318870566e-06,1.3700348138809204,2.179229974746704,1.5190925598144531,2.413698434829712,2.6097214221954346,4.510495662689209,2.0428481101989746,10.005675315856934,1,1,1,1,1,1,1,1,0,0,0.14000000059604645,0,0,0,0,0
185,tdec_448embd_mix_100000_s1,mix,448,100000,1,49999,5.330214662535582e-06,0.11178308725357056,3.5996036529541016,4.050124168395996,1,0.6600000262260437,0,0,2.0112020493456842e-08,4.311702550552354e-09,2.7705723937287985e-07,7.799315540069074e-07,0.15986377000808716,0.21248246729373932,0.17980480194091797,0.00016350105579476804,1.5796937942504885,2.9406869411468506,1.97934889793396,3.0505852699279785,3.2630622386932373,4.037219047546387,2.2927474975585938,10.163936614990234,1,1,1,1,0.07000000029802322,0.5799999833106995,0.5799999833106995,1,0,0,0,0,0,0,0,0
186,tdec_128embd_add_1000000_s1,add,128,1000000,1,49999,0.6091490387916565,1.104794144630432,1.3084721565246582,1.3973028659820557,0.25,0,0,0,,,,,,,,,,,,,,,,,,,,,,,,,,,,,,,,
187,tdec_832embd_mix_100000_s1,mix,832,100000,1,49999,0.0003363689756952226,0.44417691230773926,3.754693508148194,4.917970657348633,1,0.07000000029802322,0,0,1.3210226690318905e-08,4.138651199525611e-09,1.8925005917935778e-07,1.1510699238215238e-07,1.2480016946792605,0.3100969195365906,0.2848201096057892,0.5985355973243713,2.211331844329834,3.462834119796753,2.3219237327575684,3.964383602142334,3.7202978134155273,4.9031805992126465,5.317703723907471,8.898680686950684,1,1,1,1,0,0.36000001430511475,0.20000000298023224,0.03999999910593033,0,0,0,0,0,0,0,0
188,tdec_256embd_add_10000000_s1,add,256,10000000,1,49999,0.0006166546372696757,0.012782574631273746,2.934464931488037,4.4087233543396,0.9900000095367432,0.8899999856948853,0,0,,,,,,,,,,,,,,,,,,,,,,,,,,,,,,,,
189,tdec_128embd_mix_100000_s1,mix,128,100000,1,49999,0.014408537186682224,0.010970414616167544,1.9127583503723145,3.4857635498046875,0.959999978542328,0.9100000262260436,0,0,3.093083478233894e-07,1.1407820238673594e-05,7.183682555478299e-06,4.715637260233052e-06,7.531403412031068e-07,2.7190371838514693e-05,1.2701744708465412e-05,1.2686905392911283e-05,0.3553863763809204,1.6025149822235107,1.0532312393188477,1.8268862962722776,2.0153329372406006,3.6615359783172607,0.0003041571471840143,3.0910425186157227,1,1,1,1,1,1,1,1,0,0,0.14000000059604645,0,0,0,1,0
190,tdec_1216embd_add_1000000_s1,add,1216,1000000,1,49999,2.809066188547149e-07,1.0904209613800049,4.7181291580200195,6.913977146148682,1,0.05000000074505806,0,0,,,,,,,,,,,,,,,,,,,,,,,,,,,,,,,,
191,tdec_448embd_add_100000_s1,add,448,100000,1,49999,2.2751659400910285e-07,0.16620071232318878,4.2917985916137695,4.900269031524658,1,0.30000001192092896,0,0,,,,,,,,,,,,,,,,,,,,,,,,,,,,,,,,
192,tdec_128embd_add_100000_s1,add,128,100000,1,49999,0.32183676958084106,0.7629966139793396,1.0232930183410645,1.1454612016677856,0.4600000083446502,0,0,0,,,,,,,,,,,,,,,,,,,,,,,,,,,,,,,,
193,tdec_1408embd_mix_100000_s1,mix,1408,100000,1,49999,6.217292707333399e-07,0.578881025314331,7.536004543304443,11.404638290405272,1,0.1599999964237213,0,0,1.7881380820483626e-09,1.07548840944105e-08,9.041452919689164e-09,1.576041697148867e-08,0.248771071434021,0.6222876906394958,0.5715636014938354,0.030855482444167137,2.307742118835449,4.179041385650635,3.1618432998657227,5.61168098449707,5.850605010986328,8.954307556152344,6.925582408905029,13.594844818115234,1,1,1,1,0.07999999821186066,0.14000000059604645,0.12999999523162842,0.8899999856948853,0,0,0,0,0,0,0,0
194,tdec_64embd_mix_10000000_s1,mix,64,10000000,1,49999,0.035559844225645065,0.042008381336927414,0.12132879346609116,0.8878958225250244,0.8100000023841858,0.699999988079071,0.4300000071525574,0,6.883026344439713e-06,0.00016589761071372777,0.0001912889420054853,3.9122256566770375e-05,1.0308675882697573e-05,0.0003303664270788431,0.0002931443741545081,7.363595068454742e-05,3.429930438869633e-05,0.14269904792308807,0.002149816369637847,0.29126960039138794,0.00303134648129344,0.7052865028381348,0.00028855769778601825,0.39840763807296753,1,1,1,0.9900000095367432,1,1,1,1,1,0.009999999776482582,0.9900000095367432,0.10999999940395357,0.9700000286102296,0,1,0.019999999552965164
195,tdec_256embd_mix_1000000_s1,mix,256,1000000,1,49999,1.4231518434826285e-06,1.9946823158534244e-05,2.9778952598571777,4.263845443725586,1,1,0,0,1.9850462606996192e-08,3.723746999639843e-08,8.522179228975801e-08,6.585120786439802e-07,4.579054575515329e-07,1.5584568302529078e-07,5.75116587242519e-07,2.092454906232888e-06,1.855468153953552,3.537267684936523,1.9447963237762451,2.805781364440918,3.086899995803833,3.975796699523926,0.5536311864852905,8.524310111999512,1,1,1,1,1,1,1,1,0,0,0.14000000059604645,0,0,0,0.029999999329447743,0
196,tdec_640embd_mix_100000_s1,mix,640,100000,1,49999,8.250088967542979e-07,0.5878863334655762,4.033669948577881,4.565558910369873,1,0.10000000149011612,0,0,4.490446681160165e-09,1.2679531868897698e-09,8.086357361491991e-09,1.5770815764426518e-07,0.28748518228530884,0.538975179195404,0.3502577841281891,0.32327669858932495,2.0997135639190674,3.170448303222656,1.9531019926071167,2.9466137886047363,3.696555137634278,4.609864711761475,8.027495384216309,11.8862943649292,1,1,1,1,0.10000000149011612,0.3400000035762787,0.1599999964237213,0.4699999988079071,0,0,0,0,0,0,0,0
197,tdec_64embd_add_10000000_s1,add,64,10000000,1,49999,0.8277912735939026,1.2501418590545654,1.4303257465362549,1.5102065801620483,0.05999999865889549,0,0,0,,,,,,,,,,,,,,,,,,,,,,,,,,,,,,,,
198,tdec_256embd_add_1000000_s1,add,256,1000000,1,49999,0.03617696464061737,0.13617396354675293,2.025362253189087,3.996701240539551,0.8600000143051147,0.38999998569488525,0,0,,,,,,,,,,,,,,,,,,,,,,,,,,,,,,,,
199,tdec_64embd_mix_1000000_s1,mix,64,1000000,1,49999,0.03280356526374817,0.04052765667438507,0.07015319168567657,0.3929515480995178,0.8600000143051147,0.75,0.4699999988079071,0.03999999910593033,9.19563535717316e-06,0.00028016677242703736,0.00013190293975640088,3.122190173598938e-05,1.1424354852351826e-05,0.0007212537457235157,0.00025203273980878294,6.990775727899745e-05,3.510425813146867e-05,0.03201698884367943,0.002077881246805191,0.17137004435062408,0.0014120964333415031,0.22278660535812375,0.0002478417882230133,0.4851654469966888,1,0.9900000095367432,1,1,1,0.9900000095367432,1,1,0.9900000095367432,0.3100000023841858,0.9900000095367432,0.2800000011920929,0.9900000095367432,0.1599999964237213,1,0.009999999776482582
200,tdec_448embd_mix_10000_s1,mix,448,10000,1,49999,0.19056300818920135,0.33991700410842896,3.763482570648194,5.013890743255615,0.8299999833106995,0.27000001072883606,0,0,1.4238876744343543e-09,3.75225406301638e-09,3.907788936885481e-08,1.582460811277997e-07,0.18685680627822876,0.05671008676290512,0.1851566731929779,0.023052329197525975,1.2756402492523191,2.101236343383789,2.0889341831207275,3.941347360610962,3.512174367904663,4.808475494384766,1.749973177909851,9.250805854797363,1,1,1,1,0.05000000074505806,0.75,0.4699999988079071,0.949999988079071,0,0,0.07000000029802322,0,0,0,0,0
201,tdec_64embd_add_1000000_s1,add,64,1000000,1,49999,0.7262867093086243,1.2187591791152954,1.4057105779647827,1.4909204244613647,0.1899999976158142,0,0,0,,,,,,,,,,,,,,,,,,,,,,,,,,,,,,,,
202,tdec_256embd_mix_100000_s1,mix,256,100000,1,49999,4.679710036725737e-05,0.00022187760623637587,2.7151119709014893,4.461291313171387,1,1,0,0,2.336353333021179e-08,1.557228443971326e-07,1.0373159398113785e-07,6.199693416419905e-07,2.3283050154532248e-08,4.7087705752346665e-06,3.864247901219642e-06,2.213989546362427e-06,1.3562822341918943,2.2946181297302246,2.020571231842041,2.5478806495666504,2.7601964473724365,4.74431848526001,1.3026775121688845,8.992684364318848,1,1,1,1,1,1,1,1,0,0,0.09000000357627869,0,0,0,0,0
203,tdec_64embd_mix_100000_s1,mix,64,100000,1,49999,0.044773031026124954,0.046378813683986664,0.07763919979333878,0.372096985578537,0.8199999928474426,0.6899999976158142,0.5400000214576721,0.07000000029802322,4.444361366040539e-06,0.00027895308448933065,0.0001882049982668832,4.697249096352607e-05,8.357602382602636e-06,0.0004326550697442144,0.0003207918198313564,0.00010079175990540534,1.683739355939906e-05,0.000394907285226509,0.0017280877800658343,0.11528291553258896,0.0017543922876939178,0.22834919393062592,0.0006258153007365763,0.20393413305282593,1,1,1,1,1,1,0.9900000095367432,1,1,0.9900000095367432,0.9900000095367432,0.4000000059604645,0.9700000286102296,0.1599999964237213,1,0.03999999910593033
204,tdec_1216embd_mix_100000_s1,mix,1216,100000,1,49999,8.249963343587297e-07,0.4125096201896667,4.0167436599731445,5.810753345489502,1,0.3499999940395355,0,0,1.7202776092517524e-08,2.792715463328932e-07,4.646645663797244e-07,4.1037687026346254e-08,0.02008133940398693,0.1371295005083084,0.2356520444154739,0.024842839688062668,1.7208317518234253,3.074639797210694,2.098940849304199,3.758298397064209,3.873486042022705,5.810031890869141,2.8149678707122803,9.536232948303224,1,1,1,1,0.800000011920929,0.6899999976158142,0.5099999904632568,0.9200000166893004,0,0,0.029999999329447743,0,0,0,0,0
205,tdec_1408embd_add_100000_s1,add,1408,100000,1,49999,4.371790041091118e-08,0.5232886075973511,6.470221042633057,9.54590129852295,1,0.28999999165534973,0,0,,,,,,,,,,,,,,,,,,,,,,,,,,,,,,,,
206,tdec_1024embd_add_100000_s1,add,1024,100000,1,49999,0.000132177141495049,0.615654468536377,5.070172309875488,6.839867115020752,1,0.119999997317791,0,0,,,,,,,,,,,,,,,,,,,,,,,,,,,,,,,,
207,tdec_832embd_add_100000_s1,add,832,100000,1,49999,0.000762773328460753,0.27263781428337097,4.408391952514648,6.0315752029418945,1,0.3499999940395355,0,0,,,,,,,,,,,,,,,,,,,,,,,,,,,,,,,,
208,tdec_640embd_add_100000_s1,add,640,100000,1,49999,0.00643210532143712,0.5406023859977722,3.4624600410461426,4.943199634552002,0.9900000095367432,0.20999999344348907,0,0,,,,,,,,,,,,,,,,,,,,,,,,,,,,,,,,
209,tdec_448embd_add_10000_s1,add,448,10000,1,49999,0.46805790066719055,1.3629958629608154,5.4629292488098145,7.306697368621826,0.7900000214576721,0.07000000029802322,0,0,,,,,,,,,,,,,,,,,,,,,,,,,,,,,,,,
210,tdec_256embd_add_100000_s1,add,256,100000,1,49999,0.046969324350357056,0.23622119426727295,1.9649658203125,3.592993974685669,0.8299999833106995,0.20999999344348907,0,0,,,,,,,,,,,,,,,,,,,,,,,,,,,,,,,,
211,tdec_64embd_add_100000_s1,add,64,100000,1,49999,0.7715707421302795,1.2232506275177002,1.4044220447540283,1.4884191751480105,0.17000000178813934,0,0,0,,,,,,,,,,,,,,,,,,,,,,,,,,,,,,,,
212,tdec_1408embd_mix_10000_s1,mix,1408,10000,1,5059,0.8584302663803101,1.4858450889587402,1.9166396856307983,2.6405348777770996,0.2300000041723251,0,0,0,0.04110139235854149,0.18039685487747192,0.4742876291275024,0.05823401361703873,0.06056941673159599,0.4820637106895447,0.7546682953834534,0.14705020189285278,0.5979964137077332,1.222872257232666,0.6019843816757202,1.502973198890686,1.4354248046875,2.487384080886841,0.3060871362686157,0.8572396039962769,0.8399999737739563,0.6399999856948853,0.44999998807907104,0.7200000286102295,0.6399999856948853,0.09000000357627869,0.03999999910593033,0.41999998688697815,0,0,0.019999999552965164,0,0,0,0.15000000596046448,0
213,tdec_832embd_mix_10000_s1,mix,832,10000,1,15999,0.3992236852645874,1.7828021049499512,3.6624560356140137,5.1838250160217285,0.5699999928474426,0.03999999910593033,0,0,0.0004899538471363485,0.043616801500320435,0.1037738099694252,0.027935845777392387,0.3221559226512909,1.596052646636963,1.9753341674804688,0.09004980325698853,0.7495399713516235,1.7342900037765503,1.555834174156189,2.5473623275756836,3.744525671005249,5.833810329437256,0.6663522124290466,3.461045503616333,0.9900000095367432,0.9300000071525574,0.8500000238418579,0.959999978542328,0.07999999821186066,0.009999999776482582,0.019999999552965164,0.7300000190734863,0,0,0,0,0,0,0.07000000029802322,0
214,tdec_1024embd_mix_10000_s1,mix,1024,10000,1,15999,0.6032130122184753,1.602518916130066,3.06270694732666,4.605291366577148,0.41999998688697815,0,0,0,0.005544452462345362,0.07004809379577637,0.21738719940185547,0.015955539420247078,0.7814280986785889,0.16144587099552157,0.9321261644363404,0.037715185433626175,1.0661975145339966,2.0020720958709717,1.1878769397735596,1.8528822660446167,2.590332269668579,4.214583873748779,0.2227890342473984,1.3910199403762815,0.949999988079071,0.8399999737739563,0.7300000190734863,0.8899999856948853,0,0.5899999737739563,0.03999999910593033,0.7400000095367432,0,0,0.03999999910593033,0.009999999776482582,0,0,0.20999999344348907,0
215,tdec_1216embd_add_100000_s1,add,1216,100000,1,45179,0.0008879749220795929,3.488032341003418,4.009023666381836,6.187863826751709,0.9900000095367432,0,0,0,,,,,,,,,,,,,,,,,,,,,,,,,,,,,,,,
216,tdec_640embd_mix_10000_s1,mix,640,10000,1,19999,0.18351250886917111,1.5269275903701782,3.397465705871582,4.400294303894043,0.75,0.009999999776482582,0,0,4.181407348369248e-05,0.0007988858851604164,0.02948947623372078,0.008493912406265736,0.5529502034187317,0.8570432066917419,1.5385115146636963,0.0661187544465065,1.5824322700500488,2.5684814453125,1.579777479171753,2.3865184783935547,2.7904698848724365,3.95477294921875,0.6053523421287537,3.853794574737549,1,1,0.8999999761581421,0.9700000286102296,0,0.09000000357627869,0.009999999776482582,0.8500000238418579,0,0,0,0,0,0,0.05999999865889549,0
217,tdec_1408embd_add_10000_s1,add,1408,10000,1,49999,5.360571384429932,6.682397365570068,7.307631015777588,7.757415294647217,0,0,0,0,,,,,,,,,,,,,,,,,,,,,,,,,,,,,,,,
218,tdec_1216embd_add_10000_s1,add,1216,10000,1,49999,7.619578838348389,7.56997013092041,7.600664138793945,7.705458164215088,0,0,0,0,,,,,,,,,,,,,,,,,,,,,,,,,,,,,,,,
219,tdec_1024embd_add_10000_s1,add,1024,10000,1,49999,21.260255813598633,23.77542495727539,24.00542640686035,24.310789108276367,0,0,0,0,,,,,,,,,,,,,,,,,,,,,,,,,,,,,,,,
220,tdec_832embd_add_10000_s1,add,832,10000,1,49999,4.505865097045898,7.1003828048706055,8.065674781799316,8.43028450012207,0.029999999329447743,0,0,0,,,,,,,,,,,,,,,,,,,,,,,,,,,,,,,,
221,tdec_640embd_add_10000_s1,add,640,10000,1,49999,0.5025489926338196,3.842278242111206,6.0204081535339355,8.10915470123291,0.7599999904632568,0,0,0,,,,,,,,,,,,,,,,,,,,,,,,,,,,,,,,
222,tdec_256embd_add_10000_s1,add,256,10000,1,49999,2.788002014160156,5.5058274269104,6.970528602600098,9.036377906799316,0.3100000023841858,0,0,0,,,,,,,,,,,,,,,,,,,,,,,,,,,,,,,,
223,tdec_64embd_add_10000_s1,add,64,10000,1,49999,0.7100676894187927,1.2313485145568848,1.4075803756713867,1.5002247095108032,0.17000000178813934,0,0,0,,,,,,,,,,,,,,,,,,,,,,,,,,,,,,,,
