,name,task,n_embd,train_size,seed,trainer/global_step,val_loss/add_in_dist,val_loss/ali_in_dist,val_loss/car_in_dist,val_loss/mad_in_dist,val_loss/rev_in_dist,val_loss/add_ood_8digit,val_loss/ali_ood_8digit,val_loss/car_ood_8digit,val_loss/mad_ood_8digit,val_loss/rev_ood_8digit,val_loss/add_ood_10digit,val_loss/add_ood_11digit,val_loss/ali_ood_10digit,val_loss/ali_ood_11digit,val_loss/car_ood_10digit,val_loss/car_ood_11digit,val_loss/mad_ood_10digit,val_loss/mad_ood_11digit,val_loss/rev_ood_10digit,val_loss/rev_ood_11digit,val_acc/add_in_dist,val_acc/ali_in_dist,val_acc/car_in_dist,val_acc/mad_in_dist,val_acc/rev_in_dist,val_acc/add_ood_8digit,val_acc/ali_ood_8digit,val_acc/car_ood_8digit,val_acc/mad_ood_8digit,val_acc/rev_ood_8digit,val_acc/add_ood_10digit,val_acc/add_ood_11digit,val_acc/ali_ood_10digit,val_acc/ali_ood_11digit,val_acc/car_ood_10digit,val_acc/car_ood_11digit,val_acc/mad_ood_10digit,val_acc/mad_ood_11digit,val_acc/rev_ood_10digit,val_acc/rev_ood_11digit
0,tdec_1216embd_add_10000_s2,add,1216,10000,2,30422,0.0502962693572044,,,,,3.412595272064209,,,,,6.7487688064575195,10.551949501037598,,,,,,,,,0.9200000166893004,,,,,0.0,,,,,0.0,0.0,,,,,,,,
1,tdec_768embd_mix_10000000_s1,mix,768,10000000,1,31999,1.0140544191017398e-06,5.995229201971597e-09,1.7176482458580722e-08,2.2303476399088143e-08,4.9798103418652324e-08,0.4839801490306854,0.8090836405754089,0.0536076724529266,0.0029621624853461,0.2631268203258514,4.024829864501953,4.846376895904541,1.3524342775344849,2.306925058364868,2.243567943572998,2.9961249828338623,4.210361003875732,5.187844753265381,8.477521896362305,11.581955909729004,1.0,1.0,1.0,1.0,1.0,0.3400000035762787,0.0,0.8199999928474426,0.9700000286102296,0.4000000059604645,0.0,0.0,0.0,0.0,0.0,0.0,0.0,0.0,0.0,0.0
2,tdec_448embd_mix_10000000_s2,mix,448,10000000,2,31999,5.5225550568138715e-06,8.349840818766552e-09,2.123760012295861e-08,5.6919553514944716e-08,9.405318479593917e-08,0.6055670976638794,0.0822499543428421,0.1997096240520477,0.7875110507011414,1.1439210538810585e-06,3.321669578552246,4.079854965209961,1.5008447170257568,2.5734262466430664,2.427793025970459,3.693118333816528,3.334582805633545,4.466516494750977,0.1921886205673217,7.607324600219727,1.0,1.0,1.0,1.0,1.0,0.1599999964237213,0.3199999928474426,0.6200000047683716,0.1500000059604644,1.0,0.0,0.0,0.0,0.0,0.0599999986588954,0.0,0.0,0.0,0.270000010728836,0.0
3,tdec_640embd_add_1000000_s3,add,640,1000000,3,31999,4.907317929792043e-08,,,,,0.3641064465045929,,,,,4.7235188484191895,5.6238532066345215,,,,,,,,,1.0,,,,,0.2800000011920929,,,,,0.0,0.0,,,,,,,,
4,tdec_448embd_add_10000000_s2,add,448,10000000,2,31999,2.1839574401383288e-05,,,,,0.7471650838851929,,,,,4.017290115356445,5.581396579742432,,,,,,,,,1.0,,,,,0.0,,,,,0.0,0.0,,,,,,,,
5,tdec_640embd_add_1000000_s2,add,640,1000000,2,31999,0.0011439051013439,,,,,0.0300028435885906,,,,,2.218228816986084,3.297332763671875,,,,,,,,,0.9900000095367432,,,,,0.8199999928474426,,,,,0.0,0.0,,,,,,,,
6,tdec_1536embd_mix_100000_s1,mix,1536,100000,1,31021,0.0211086943745613,4.5649570235006815e-10,3.999832465240161e-09,1.1737835592384728e-08,3.6257862490174375e-08,0.1736156046390533,0.6916162967681885,0.397475928068161,0.3872274458408355,0.0206426121294498,8.97491455078125,14.477869987487791,3.262733459472656,5.395719051361084,4.961236476898193,9.088006019592283,8.58890151977539,12.6575927734375,1.379246950149536,13.0978422164917,0.9900000095367432,1.0,1.0,1.0,1.0,0.5799999833106995,0.0,0.4300000071525574,0.4300000071525574,0.949999988079071,0.0,0.0,0.0,0.0,0.0,0.0,0.0,0.0,0.0599999986588954,0.0
7,tdec_448embd_mix_1000000_s2,mix,448,1000000,2,31999,2.70065970653377e-06,2.0662940247717643e-09,5.8212994424877715e-09,1.6533424229692173e-07,1.6179636759261484e-06,0.1023361682891845,0.0003719360393006,0.0061523355543613,0.0253346487879753,1.279141997656552e-05,4.408053398132324,5.039048671722412,1.7463679313659668,3.280388593673706,2.5828545093536377,3.8020598888397217,4.964206695556641,5.748856067657471,0.4676742553710937,9.47543239593506,1.0,1.0,1.0,1.0,1.0,0.6600000262260437,0.9900000095367432,0.959999978542328,0.9100000262260436,1.0,0.0,0.0,0.0,0.0,0.0,0.0,0.0,0.0,0.2599999904632568,0.0
8,tdec_1344embd_add_10000_s1,add,1344,10000,1,31659,0.128444954752922,,,,,5.608925819396973,,,,,6.3025970458984375,11.31954574584961,,,,,,,,,0.8799999952316284,,,,,0.0,,,,,0.0,0.0,,,,,,,,
9,tdec_1088embd_mix_1000000_s1,mix,1088,1000000,1,31999,4.523164898273535e-05,2.4851471991382823e-08,1.7936217844294333e-08,3.3575443580957653e-07,1.485751681684633e-07,0.1605668663978576,0.0062471656128764,0.1624001711606979,0.1560055464506149,0.0272598844021558,3.746704339981079,4.449692726135254,1.508133053779602,2.443554639816284,2.6724307537078857,4.640274524688721,3.492410659790039,4.4554033279418945,4.724210739135742,11.737222671508787,1.0,1.0,1.0,1.0,1.0,0.5199999809265137,0.9100000262260436,0.699999988079071,0.550000011920929,0.8799999952316284,0.0,0.0,0.0,0.0,0.0,0.0,0.0,0.0,0.0,0.0
10,tdec_768embd_add_10000000_s1,add,768,10000000,1,31999,0.0003060105082113,,,,,1.3977056741714478,,,,,3.846096992492676,6.008037090301514,,,,,,,,,0.9900000095367432,,,,,0.0199999995529651,,,,,0.0,0.0,,,,,,,,
11,tdec_448embd_add_1000000_s2,add,448,1000000,2,31999,0.3630066215991974,,,,,0.7377207279205322,,,,,1.0036295652389526,1.3598655462265017,,,,,,,,,0.4000000059604645,,,,,0.0,,,,,0.0,0.0,,,,,,,,
12,tdec_640embd_mix_100000_s3,mix,640,100000,3,31999,0.0067510092630982,4.555969379538283e-09,2.528541465096623e-08,3.029221034012153e-07,1.6881272131286096e-06,0.7214736938476562,0.90503990650177,0.7016428112983704,0.5477299690246582,9.232471711584369e-06,4.562310218811035,6.010528564453125,2.1840009689331055,3.1688976287841797,2.4222280979156494,4.018895149230957,4.557438850402832,6.018662929534912,1.6233978271484375,9.388835906982422,0.9900000095367432,1.0,1.0,1.0,1.0,0.0599999986588954,0.0,0.2300000041723251,0.3600000143051147,1.0,0.0,0.0,0.0,0.0,0.0199999995529651,0.0,0.0,0.0,0.0,0.0
13,tdec_1536embd_add_100000_s1,add,1536,100000,1,31066,7.314078175113536e-06,,,,,0.7265990376472473,,,,,5.655429840087891,10.103787422180176,,,,,,,,,1.0,,,,,0.1500000059604644,,,,,0.0,0.0,,,,,,,,
14,tdec_448embd_mix_100000_s2,mix,448,100000,2,31999,0.0020154004450887,5.426854077228427e-09,4.33238822594717e-09,1.313484858656011e-07,1.9516171789746298e-07,0.0152531238272786,8.209294719563331e-06,0.0004013916186522,0.0001596666988916,8.210131454688963e-06,3.7002768516540527,4.248350143432617,1.921562671661377,3.522049903869629,2.2337374687194824,3.3560376167297363,4.144662857055664,4.9742350578308105,0.0727937445044517,4.796566486358643,1.0,1.0,1.0,1.0,1.0,0.9399999976158142,1.0,1.0,1.0,1.0,0.0,0.0,0.0,0.0,0.0099999997764825,0.0,0.0,0.0,0.7300000190734863,0.0
15,tdec_896embd_add_10000000_s1,add,896,10000000,1,31999,2.601658582687378,,,,,2.441256523132324,,,,,2.404247760772705,2.38016414642334,,,,,,,,,0.0,,,,,0.0,,,,,0.0,0.0,,,,,,,,
16,tdec_448embd_add_100000_s2,add,448,100000,2,31999,1.260389979051979e-07,,,,,0.5692796111106873,,,,,4.270425319671631,4.965802192687988,,,,,,,,,1.0,,,,,0.0099999997764825,,,,,0.0,0.0,,,,,,,,
17,tdec_640embd_mix_100000_s2,mix,640,100000,2,31999,5.556381665883237e-07,2.9701419990146863e-08,1.9572027554204396e-08,1.387919724038511e-06,1.654347329349548e-06,0.6855570077896118,0.3829681277275085,0.2293179929256439,0.834165096282959,0.0022485230583697,3.405421257019043,4.304911136627197,2.337665319442749,4.244314193725586,2.290022850036621,3.5882925987243652,3.872576951980591,4.823540687561035,2.240231990814209,12.30887222290039,1.0,1.0,1.0,1.0,1.0,0.0399999991059303,0.0,0.3100000023841858,0.0099999997764825,0.9800000190734864,0.0,0.0,0.0,0.0,0.0,0.0,0.0,0.0,0.0,0.0
18,tdec_768embd_mix_1000000_s1,mix,768,1000000,1,31999,1.289826514039305e-06,3.755798339000194e-09,2.1921010784353714e-07,4.4257495801502955e-07,6.208065883583913e-08,1.2639509439468384,0.2666974365711212,1.7214813232421875,1.76365065574646,0.0218516662716865,4.348517894744873,4.7775983810424805,1.641447901725769,2.4599671363830566,2.138573408126831,3.830066204071045,4.081839561462402,5.46571159362793,2.9267919063568115,12.711786270141602,1.0,1.0,1.0,1.0,1.0,0.0,0.0900000035762786,0.1599999964237213,0.0,0.8799999952316284,0.0,0.0,0.0,0.0,0.0,0.0,0.0,0.0,0.0,0.0
19,tdec_448embd_mix_10000_s2,mix,448,10000,2,31999,0.0455412156879901,1.0454220600308872e-08,6.845361326668353e-07,1.207137216852061e-07,0.001907505444251,0.2537994384765625,0.5021822452545166,0.1040556654334068,0.0763368904590606,0.1452650129795074,4.81204080581665,7.104318141937256,1.3628441095352173,3.1036148071289062,2.564860582351685,4.448744297027588,4.86272668838501,7.551116466522217,0.7456251382827759,10.436478614807127,0.949999988079071,1.0,1.0,1.0,0.9900000095367432,0.6499999761581421,0.0099999997764825,0.7599999904632568,0.8299999833106995,0.7699999809265137,0.0,0.0,0.0,0.0,0.0599999986588954,0.0,0.0,0.0,0.1400000005960464,0.0
20,tdec_1088embd_add_1000000_s1,add,1088,1000000,1,30003,0.0002832592581398,,,,,0.4337242543697357,,,,,4.818735599517822,8.831287384033203,,,,,,,,,1.0,,,,,0.2599999904632568,,,,,0.0,0.0,,,,,,,,
21,tdec_448embd_add_10000_s2,add,448,10000,2,31999,0.8068002462387085,,,,,2.750823736190796,,,,,5.321247100830078,6.801258563995361,,,,,,,,,0.6100000143051147,,,,,0.0,,,,,0.0,0.0,,,,,,,,
22,tdec_640embd_add_100000_s3,add,640,100000,3,31999,3.826251941063674e-06,,,,,0.6394919157028198,,,,,3.5213680267333984,4.322397232055664,,,,,,,,,1.0,,,,,0.1199999973177909,,,,,0.0,0.0,,,,,,,,
23,tdec_768embd_add_1000000_s1,add,768,1000000,1,31999,0.2209117114543914,,,,,0.5760320425033569,,,,,0.9771740436553956,1.3362764120101929,,,,,,,,,0.5799999833106995,,,,,0.0199999995529651,,,,,0.0,0.0,,,,,,,,
24,tdec_640embd_add_100000_s2,add,640,100000,2,31999,1.2724236512440257e-05,,,,,0.9272819757461548,,,,,4.970767974853516,6.7389912605285645,,,,,,,,,1.0,,,,,0.0299999993294477,,,,,0.0,0.0,,,,,,,,
25,tdec_768embd_mix_100000_s1,mix,768,100000,1,31999,7.096954504959285e-06,6.028343602082486e-09,2.680342277017189e-07,2.297756935831785e-07,3.117465610102954e-07,0.5101956725120544,0.8520435094833374,0.5624232292175293,0.9153105020523072,0.0217213202267885,4.102951526641846,5.261831283569336,1.936325430870056,3.025064468383789,2.547713279724121,4.223132133483887,4.238745212554932,5.591090202331543,2.056804656982422,8.131621360778809,1.0,1.0,1.0,1.0,1.0,0.1500000059604644,0.0,0.2300000041723251,0.0399999991059303,0.9200000166893004,0.0,0.0,0.0,0.0,0.0,0.0,0.0,0.0,0.0,0.0
26,tdec_1344embd_add_10000000_s1,add,1344,10000000,1,30000,0.0016673820791766,,,,,4.189228057861328,,,,,6.639430522918701,9.971975326538086,,,,,,,,,0.9900000095367432,,,,,0.0700000002980232,,,,,0.0,0.0,,,,,,,,
27,tdec_576embd_add_10000000_s1,add,576,10000000,1,31999,1.2871464605268557e-06,,,,,0.275719940662384,,,,,3.456947088241577,4.1353559494018555,,,,,,,,,1.0,,,,,0.2199999988079071,,,,,0.0,0.0,,,,,,,,
28,tdec_896embd_add_1000000_s1,add,896,1000000,1,31999,0.0047376276925206,,,,,0.6673262715339661,,,,,4.581929683685303,7.644570350646973,,,,,,,,,0.9300000071525574,,,,,0.2300000041723251,,,,,0.0,0.0,,,,,,,,
29,tdec_1088embd_mix_100000_s1,mix,1088,100000,1,31999,0.0001621499977773,1.7181960743073432e-08,2.2559252101927996e-06,9.3961780578411e-08,1.373977966068196e-06,0.6193277835845947,0.2805157899856567,1.26227605342865,1.1701421737670898,0.2183542251586914,5.171270370483398,7.086201190948486,1.9811025857925415,3.3520917892456055,2.8477141857147217,4.742547988891602,4.604839324951172,6.655908584594727,4.340258598327637,13.182621955871582,1.0,1.0,1.0,1.0,1.0,0.1199999973177909,0.0199999995529651,0.1700000017881393,0.0399999991059303,0.6200000047683716,0.0,0.0,0.0,0.0,0.0,0.0,0.0,0.0,0.0,0.0
30,tdec_640embd_mix_10000_s2,mix,640,10000,2,31999,0.424556702375412,1.3237313112313134e-07,0.000355784111889,0.0016786974156275,0.0093661220744252,2.2823452949523926,1.3018035888671875,1.4809778928756714,2.072564125061035,0.1291748881340026,5.173348903656006,7.034793853759766,1.8319810628890991,2.886223554611206,2.446915626525879,4.134121894836426,4.591607570648193,7.280515670776367,1.583484768867493,6.782352924346924,0.6600000262260437,1.0,0.9900000095367432,0.9700000286102296,0.9700000286102296,0.0,0.0,0.1000000014901161,0.0,0.6600000262260437,0.0,0.0,0.0,0.0,0.0199999995529651,0.0,0.0,0.0,0.0,0.0
31,tdec_768embd_add_100000_s1,add,768,100000,1,31999,0.6203902959823608,,,,,1.1110049486160278,,,,,1.3229745626449585,1.4228248596191406,,,,,,,,,0.1800000071525573,,,,,0.0,,,,,0.0,0.0,,,,,,,,
32,tdec_1472embd_add_10000000_s1,add,1472,10000000,1,31000,6.369516086124349e-06,,,,,0.0188614483922719,,,,,4.556414604187012,6.227992534637451,,,,,,,,,1.0,,,,,0.9200000166893004,,,,,0.0,0.0,,,,,,,,
33,tdec_1344embd_mix_1000000_s1,mix,1344,1000000,1,31999,1.666402795308386e-06,1.1351804829473622e-08,1.356835070964735e-07,3.628900913099642e-07,3.2732233989918313e-07,0.1532296240329742,0.2704271972179413,0.0573108419775962,0.017222287133336,0.0583364591002464,5.347682476043701,8.481103897094727,1.607210636138916,2.8034164905548096,2.792283535003662,4.710907936096191,5.093932628631592,7.4381422996521,4.112270355224609,11.32776165008545,1.0,1.0,1.0,1.0,1.0,0.4699999988079071,0.050000000745058,0.7599999904632568,0.8899999856948853,0.7099999785423279,0.0,0.0,0.0,0.0,0.0,0.0,0.0,0.0,0.0,0.0
34,tdec_640embd_add_10000_s3,add,640,10000,3,31999,0.5442613363265991,,,,,2.8009674549102783,,,,,5.225905895233154,6.5482892990112305,,,,,,,,,0.7400000095367432,,,,,0.0,,,,,0.0,0.0,,,,,,,,
35,tdec_576embd_mix_1000000_s1,mix,576,1000000,1,31999,1.0617372936394531e-06,9.047838034348388e-09,1.0910083574344751e-06,2.848978510883171e-07,1.3078167171443056e-07,0.6563074588775635,0.6347159743309021,0.6179749965667725,0.5610151886940002,0.0024844303261488,4.4465131759643555,5.346749782562256,2.1441490650177,3.445549964904785,2.455756187438965,3.857575893402099,4.450712203979492,5.3194169998168945,5.785333633422852,11.524494171142578,1.0,1.0,1.0,1.0,1.0,0.0199999995529651,0.0,0.0799999982118606,0.0700000002980232,0.9900000095367432,0.0,0.0,0.0,0.0,0.0099999997764825,0.0,0.0,0.0,0.0,0.0
36,tdec_1280embd_add_10000_s1,add,1280,10000,1,31659,0.0087469546124339,,,,,0.3266380727291107,,,,,8.346759796142578,14.717680931091309,,,,,,,,,0.9800000190734864,,,,,0.3799999952316284,,,,,0.0,0.0,,,,,,,,
37,tdec_640embd_add_10000_s2,add,640,10000,2,31999,0.056470651179552,,,,,2.07250714302063,,,,,4.3493194580078125,6.186132907867432,,,,,,,,,0.8999999761581421,,,,,0.0,,,,,0.0,0.0,,,,,,,,
38,tdec_1344embd_add_1000000_s1,add,1344,1000000,1,30003,1.4923657178878784,,,,,1.7413382530212402,,,,,1.833225131034851,1.8783973455429075,,,,,,,,,0.0,,,,,0.0,,,,,0.0,0.0,,,,,,,,
39,tdec_576embd_add_1000000_s1,add,576,1000000,1,31999,0.0008391112205572,,,,,1.059656858444214,,,,,5.535039901733398,7.788234710693359,,,,,,,,,1.0,,,,,0.0900000035762786,,,,,0.0,0.0,,,,,,,,
40,tdec_896embd_mix_100000_s1,mix,896,100000,1,31999,0.0195985361933708,2.08289545611251e-08,1.803106357556317e-07,1.6234079112109612e-06,5.369076916394988e-07,0.1033610552549362,1.169013261795044,0.0126620242372155,0.0282047297805547,0.0391268171370029,4.104290962219238,5.5545735359191895,2.6393606662750244,4.743068695068359,2.4582173824310303,3.657613515853882,4.600225925445557,6.281240463256836,2.813052177429199,9.869376182556152,0.959999978542328,1.0,1.0,1.0,1.0,0.6399999856948853,0.0,0.8999999761581421,0.9200000166893004,0.8399999737739563,0.0,0.0,0.0,0.0,0.0,0.0,0.0,0.0,0.0,0.0
41,tdec_1088embd_add_100000_s1,add,1088,100000,1,30042,1.1680257330226596e-06,,,,,2.3099472522735596,,,,,6.181310653686523,8.87333869934082,,,,,,,,,1.0,,,,,0.050000000745058,,,,,0.0,0.0,,,,,,,,
42,tdec_256embd_mix_10000_s1,mix,256,10000,1,31999,0.0030682953074574,2.1756612511580897e-08,4.206047492516518e-07,1.5211455206554092e-07,1.0311780442862073e-06,0.0339988358318805,2.529086771119182e-07,7.608819032611791e-07,4.2411807044118177e-07,0.0001015126617858,2.7618608474731445,5.68203067779541,1.3323488235473633,2.898315191268921,1.6990785598754885,3.4231984615325928,2.8281943798065186,6.074829578399658,0.0214751847088336,4.84975004196167,0.9800000190734864,1.0,1.0,1.0,1.0,0.959999978542328,1.0,1.0,1.0,1.0,0.0,0.0,0.0,0.0,0.1299999952316284,0.0,0.0,0.0,0.8700000047683716,0.0
43,tdec_64embd_mix_10000000_s3,mix,64,10000000,3,31999,1.575087070465088,6.375289103743853e-06,0.0044541386887431,1.6825751066207886,7.296816329471767e-05,1.790175199508667,1.5146048099268228e-05,0.0065107219852507,1.8787591457366943,0.0001235256204381,1.8855913877487185,1.9340072870254517,4.227111639920622e-05,0.0019978422205895,0.0284006595611572,0.0716036632657051,1.9708095788955688,2.0059244632720947,0.0003883379395119,0.0070387898012995,0.0,1.0,0.959999978542328,0.0,1.0,0.0,1.0,0.9800000190734864,0.0,1.0,0.0,0.0,0.9900000095367432,0.8700000047683716,0.7699999809265137,0.4000000059604645,0.0,0.0,1.0,0.8500000238418579
44,tdec_64embd_add_10000000_s3,add,64,10000000,3,31999,1.2092533111572266,,,,,1.5166640281677246,,,,,1.6537586450576782,1.7183459997177124,,,,,,,,,0.0,,,,,0.0,,,,,0.0,0.0,,,,,,,,
45,tdec_64embd_mix_10000_s1,mix,64,10000,1,31999,1.5950027704238892,6.0465790738817304e-06,0.0121964244171977,1.9196659326553345,9.350299660582095e-05,1.8240286111831665,1.2281488125154285e-05,0.0187149755656719,2.050652265548706,0.000299085950246,1.9140031337738037,1.966079831123352,3.903197648469359e-05,0.000937707547564,0.0595769695937633,0.1292846798896789,2.095294713973999,2.1101160049438477,0.0009662689990364,0.0125358747318387,0.0,1.0,0.8500000238418579,0.0,1.0,0.0,1.0,0.8700000047683716,0.0,1.0,0.0,0.0,1.0,0.949999988079071,0.5899999737739563,0.2800000011920929,0.0,0.0,1.0,0.8199999928474426
46,tdec_1472embd_mix_1000000_s1,mix,1472,1000000,1,31001,9.550690265314188e-07,1.731371046531649e-09,1.3245469165923394e-09,4.459402447309913e-08,3.4540065030341793e-08,1.0349557399749756,0.0098569598048925,0.7212916016578674,0.7329622507095337,0.0028000441379845,7.514782905578613,10.682838439941406,3.142948627471924,5.604637622833252,3.7607128620147705,6.214110851287842,6.373795032501221,9.188665390014648,5.418496608734131,15.793420791625977,1.0,1.0,1.0,1.0,1.0,0.0399999991059303,0.8500000238418579,0.2000000029802322,0.0199999995529651,0.9800000190734864,0.0,0.0,0.0,0.0,0.0,0.0,0.0,0.0,0.0,0.0
47,tdec_704embd_mix_10000000_s1,mix,704,10000000,1,31999,5.016123623136082e-07,2.4823659572348333e-08,6.059004249436839e-07,1.30972608758384e-07,8.399103279543851e-08,0.3339713215827942,0.7132758498191833,0.0537550635635852,0.333631157875061,0.2989417314529419,4.435614585876465,5.577033519744873,1.707358717918396,2.8569447994232178,2.311314105987549,3.676880121231079,4.192852020263672,5.415637969970703,7.714377403259277,11.263906478881836,1.0,1.0,1.0,1.0,1.0,0.270000010728836,0.0,0.75,0.2199999988079071,0.3700000047683716,0.0,0.0,0.0,0.0,0.0,0.0,0.0,0.0,0.0,0.0
48,tdec_64embd_mix_1000000_s3,mix,64,1000000,3,31999,0.4991167485713959,1.6841260730871e-05,0.0195833798497915,0.1314998865127563,6.905992631800473e-05,0.5882194638252258,2.916968514909968e-05,0.0288800708949565,0.1960763335227966,0.0001553204638184,0.7245237231254578,0.8670493364334106,0.0002473500207997,0.0320109352469444,0.0462627075612545,0.0708246156573295,0.3547114133834839,0.5940036177635193,0.0006831237697042,0.0087600871920585,0.0599999986588954,1.0,0.8700000047683716,0.4900000095367431,1.0,0.0,1.0,0.8199999928474426,0.1500000059604644,1.0,0.0,0.0,0.9800000190734864,0.2899999916553497,0.7400000095367432,0.4000000059604645,0.0199999995529651,0.0,0.9800000190734864,0.800000011920929
49,tdec_576embd_mix_100000_s1,mix,576,100000,1,27999,6.875400799799536e-07,9.108257614798276e-08,2.050582992296768e-08,2.066783366672098e-07,8.212344982894138e-05,0.4778466522693634,1.3570256233215332,0.4315614700317383,0.2421601861715316,0.0047366209328174,3.707774162292481,4.88653039932251,1.7395100593566897,2.5318515300750732,2.2902719974517822,3.905393123626709,4.303403377532959,5.968466281890869,0.9395029544830322,11.907061576843262,1.0,1.0,1.0,1.0,1.0,0.1099999994039535,0.0,0.1599999964237213,0.3100000023841858,0.9700000286102296,0.0,0.0,0.0,0.0,0.0299999993294477,0.0,0.0,0.0,0.0,0.0
50,tdec_64embd_add_1000000_s3,add,64,1000000,3,31999,0.8937086462974548,,,,,1.2803665399551392,,,,,1.4513146877288818,1.5313873291015625,,,,,,,,,0.1000000014901161,,,,,0.0,,,,,0.0,0.0,,,,,,,,
51,tdec_256embd_add_100000_s3,add,256,100000,3,31999,0.1195824816823005,,,,,0.2804264724254608,,,,,0.6603986620903015,1.002611517906189,,,,,,,,,0.7599999904632568,,,,,0.0799999982118606,,,,,0.0,0.0,,,,,,,,
52,tdec_1344embd_mix_100000_s1,mix,1344,100000,1,29999,9.211278779730492e-07,8.439490883915823e-09,8.135205575854344e-08,2.608951490401523e-07,6.372776510943368e-07,1.5428203344345093,0.0707990154623985,0.7484439611434937,1.0956610441207886,0.2539913952350616,6.9676923751831055,10.04497528076172,1.9642659425735471,4.052150249481201,2.757427930831909,4.757154941558838,6.125402450561523,9.489906311035156,4.154121398925781,8.81852912902832,1.0,1.0,1.0,1.0,1.0,0.0199999995529651,0.3600000143051147,0.3400000035762787,0.0299999993294477,0.4199999868869781,0.0,0.0,0.0,0.0,0.0199999995529651,0.0,0.0,0.0,0.0,0.0
53,tdec_64embd_mix_100000_s3,mix,64,100000,3,31999,0.4391241371631622,1.2773451089742592e-05,0.0039679720066487,0.0084105757996439,8.47771079861559e-05,0.5602412223815918,2.721096643654164e-05,0.0066697392612695,0.0128426812589168,0.0002140579599654,0.7079371809959412,0.9139411449432372,7.688222831347957e-05,0.0138428602367639,0.0223533194512128,0.0752318203449249,0.0733262449502945,0.3386830389499664,0.0007997353095561,0.271350085735321,0.1299999952316284,1.0,0.9700000286102296,0.959999978542328,1.0,0.0299999993294477,1.0,0.949999988079071,0.8199999928474426,0.9900000095367432,0.0,0.0,0.9900000095367432,0.6600000262260437,0.7799999713897705,0.4300000071525574,0.5400000214576721,0.0,0.9700000286102296,0.0599999986588954
54,tdec_64embd_add_100000_s3,add,64,100000,3,31999,0.8192612528800964,,,,,1.2737221717834473,,,,,1.4538490772247314,1.5334736108779907,,,,,,,,,0.1500000059604644,,,,,0.0,,,,,0.0,0.0,,,,,,,,
55,tdec_256embd_mix_10000_s3,mix,256,10000,3,31999,0.0274397023022174,9.137953504989582e-09,7.540443789366691e-07,1.8478573338143176e-06,2.9311838716239436e-06,0.0446770340204238,1.6160176130597392e-07,2.3541961127193645e-06,3.003832171089016e-05,1.6058773326221853e-05,2.7061655521392822,4.823517322540283,1.4857767820358276,2.6247048377990723,2.0651438236236572,3.565077543258667,2.974668502807617,5.337092876434326,0.0345771312713623,4.075380325317383,0.9200000166893004,1.0,1.0,1.0,1.0,0.8799999952316284,1.0,1.0,0.9900000095367432,1.0,0.0,0.0,0.0,0.0,0.1199999973177909,0.0,0.0,0.0,0.8299999833106995,0.0
56,tdec_64embd_mix_10000_s3,mix,64,10000,3,31999,1.5782103538513184,5.4070656005933415e-06,0.0035694607067853,1.9274619817733765,5.5583659559488297e-05,1.7893470525741575,1.3902138562116306e-05,0.0085702780634164,2.0522518157958984,0.000125642385683,1.888533115386963,1.940568447113037,4.3574051233008504e-05,0.0027627113740891,0.0365683138370513,0.0884988084435463,2.101235866546631,2.1115753650665283,0.0003771604970097,0.0491584725677967,0.0,1.0,0.959999978542328,0.0,1.0,0.0,1.0,0.9200000166893004,0.0,1.0,0.0,0.0,1.0,0.9100000262260436,0.7200000286102295,0.4300000071525574,0.0,0.0,1.0,0.4600000083446502
57,tdec_576embd_add_100000_s1,add,576,100000,1,31999,0.0020931360777467,,,,,0.086922213435173,,,,,3.1417930126190186,4.364614963531494,,,,,,,,,1.0,,,,,0.6499999761581421,,,,,0.0,0.0,,,,,,,,
58,tdec_256embd_add_10000_s3,add,256,10000,3,31999,3.3614351749420166,,,,,6.304434299468994,,,,,7.836116313934326,9.920188903808594,,,,,,,,,0.1899999976158142,,,,,0.0,,,,,0.0,0.0,,,,,,,,
59,tdec_64embd_add_10000_s3,add,64,10000,3,31999,0.7949223518371582,,,,,1.260625243186951,,,,,1.4331376552581787,1.5277493000030518,,,,,,,,,0.1599999964237213,,,,,0.0,,,,,0.0,0.0,,,,,,,,
60,tdec_1344embd_add_100000_s1,add,1344,100000,1,30042,7.534560495514597e-07,,,,,0.4159398674964905,,,,,6.225005626678467,8.92232894897461,,,,,,,,,1.0,,,,,0.449999988079071,,,,,0.0,0.0,,,,,,,,
61,tdec_1472embd_add_1000000_s1,add,1472,1000000,1,31003,3.993157235981926e-07,,,,,0.1304013729095459,,,,,5.480438709259033,7.74069881439209,,,,,,,,,1.0,,,,,0.5699999928474426,,,,,0.0,0.0,,,,,,,,
62,tdec_704embd_add_10000000_s1,add,704,10000000,1,31999,1.7085740182665177e-05,,,,,0.0699016153812408,,,,,5.022859573364258,8.036101341247559,,,,,,,,,1.0,,,,,0.7200000286102295,,,,,0.0,0.0,,,,,,,,
63,tdec_576embd_mix_10000_s1,mix,576,10000,1,31999,0.2821658253669739,1.0369017644507041e-08,8.666431199344515e-07,0.0023033216129988,2.7526473331818124e-06,2.705535650253296,0.2051961719989776,1.4818649291992188,2.248872995376587,0.2583187222480774,4.899838447570801,6.4588117599487305,1.7130645513534546,2.8909740447998047,2.7984249591827393,4.52819299697876,4.97004508972168,6.819677829742432,1.3770740032196045,9.218944549560549,0.7599999904632568,1.0,1.0,0.9900000095367432,1.0,0.0,0.0900000035762786,0.1099999994039535,0.0,0.6399999856948853,0.0,0.0,0.0,0.0,0.0099999997764825,0.0,0.0,0.0,0.0199999995529651,0.0
64,tdec_256embd_mix_10000000_s2,mix,256,10000000,2,31999,1.2102768778277095e-05,9.193066752288814e-09,2.990022096582834e-07,1.740018831242196e-07,1.5642735888832249e-06,0.000214778308873,6.876877023387351e-08,5.815398367303715e-07,9.336687867289584e-07,2.4017313080548774e-06,1.86279821395874,3.299891948699951,0.8537493348121643,1.5182942152023315,1.2102689743041992,2.433809757232666,1.839108109474182,3.7917330265045166,0.0612760111689567,5.301141262054443,1.0,1.0,1.0,1.0,1.0,1.0,1.0,1.0,1.0,1.0,0.0,0.0,0.0,0.0,0.1800000071525573,0.0,0.0,0.0,0.5400000214576721,0.0
65,tdec_576embd_add_10000_s1,add,576,10000,1,31999,0.751966655254364,,,,,1.772594928741455,,,,,4.105101108551025,5.689621448516846,,,,,,,,,0.6600000262260437,,,,,0.0599999986588954,,,,,0.0,0.0,,,,,,,,
66,tdec_256embd_add_10000000_s2,add,256,10000000,2,31999,0.1412613987922668,,,,,0.4787842631340027,,,,,0.8582656979560852,1.409104347229004,,,,,,,,,0.6800000071525574,,,,,0.0199999995529651,,,,,0.0,0.0,,,,,,,,
67,tdec_1280embd_mix_10000000_s1,mix,1280,10000000,1,31999,3.1363256312033627e-06,6.631006410628971e-09,1.3648077334948994e-08,5.209940923123213e-07,2.643546110903117e-07,1.2043403387069702,0.4717601537704468,0.7592135667800903,0.6812145113945007,0.2880557179450989,5.707943916320801,8.169791221618652,1.6530556678771973,3.3174872398376465,2.909431219100952,4.470067501068115,5.77231502532959,8.033088684082031,5.2578654289245605,8.683246612548828,1.0,1.0,1.0,1.0,1.0,0.0700000002980232,0.0099999997764825,0.2000000029802322,0.1500000059604644,0.3100000023841858,0.0,0.0,0.0,0.0,0.0,0.0,0.0,0.0,0.0,0.0
68,tdec_1472embd_mix_100000_s1,mix,1472,100000,1,31021,1.0167458412979613e-06,0.0,0.0,1.720019571216369e-09,9.621648899837965e-08,0.0617639012634754,0.2657760977745056,0.0588837191462516,0.0068320245482027,0.0002464277204126,8.868858337402344,13.582345008850098,4.216691970825195,7.896140575408936,6.138864040374756,9.604076385498049,8.797857284545898,12.717650413513184,0.6974391341209412,13.795781135559082,1.0,1.0,1.0,1.0,1.0,0.7900000214576721,0.2399999946355819,0.8500000238418579,0.9800000190734864,1.0,0.0,0.0,0.0,0.0,0.0,0.0,0.0,0.0,0.3100000023841858,0.0
69,tdec_704embd_mix_1000000_s1,mix,704,1000000,1,31999,6.291120939749817e-07,8.978063625875166e-09,3.2199999111526274e-08,4.909090307592123e-07,7.9228492211314e-08,0.4045403003692627,1.6592384576797483,0.1428366303443908,0.3815988600254059,0.2854608297348022,3.089585304260254,3.982025861740112,1.4508379697799685,2.764801263809204,1.808660864830017,2.9535579681396484,3.2145862579345703,4.1768574714660645,8.282634735107422,12.035839080810549,1.0,1.0,1.0,1.0,1.0,0.1299999952316284,0.0,0.5400000214576721,0.3199999928474426,0.3100000023841858,0.0,0.0,0.0,0.0,0.0299999993294477,0.0,0.0,0.0,0.0,0.0
70,tdec_256embd_mix_1000000_s2,mix,256,1000000,2,31999,6.727667823724914e-06,2.113408292814256e-08,1.9027380915304093e-07,2.9484883157238073e-07,8.181123689610104e-07,0.000148951774463,4.795102768184734e-07,6.641848244726134e-07,3.984458089689724e-06,1.4136695654087816e-06,2.371103286743164,3.951908826828003,1.475899338722229,2.8651158809661865,1.702904224395752,2.9746663570404053,2.540658712387085,4.404021739959717,0.004333296790719,4.435284614562988,1.0,1.0,1.0,1.0,1.0,1.0,1.0,1.0,1.0,1.0,0.0,0.0,0.0,0.0,0.2000000029802322,0.0,0.0,0.0,0.9900000095367432,0.0
71,tdec_64embd_mix_10000000_s2,mix,64,10000000,2,31999,1.6706141233444214,3.6751769130205503e-06,0.0055986298248171,1.8871798515319824,5.99427949055098e-05,1.858640432357788,9.694270374893676e-06,0.0099247954785823,2.020692825317383,9.27871951716952e-05,1.94502854347229,1.985421657562256,4.768882354255766e-05,0.0695835947990417,0.0339138694107532,0.0740319266915321,2.0833709239959717,2.0998189449310303,0.0003122397174593,0.4362873435020447,0.0,1.0,0.9300000071525574,0.0,0.9900000095367432,0.0,1.0,0.9300000071525574,0.0,1.0,0.0,0.0,1.0,0.0700000002980232,0.75,0.4300000071525574,0.0,0.0,0.9800000190734864,0.0199999995529651
72,tdec_256embd_add_1000000_s2,add,256,1000000,2,31999,0.1625193357467651,,,,,0.439917653799057,,,,,1.1093647480010986,1.6384433507919312,,,,,,,,,0.6200000047683716,,,,,0.0,,,,,0.0,0.0,,,,,,,,
73,tdec_64embd_add_10000000_s2,add,64,10000000,2,31999,1.1538249254226685,,,,,1.4815683364868164,,,,,1.6219347715377808,1.691088080406189,,,,,,,,,0.0099999997764825,,,,,0.0,,,,,0.0,0.0,,,,,,,,
74,tdec_64embd_mix_1000000_s2,mix,64,1000000,2,31999,0.4625967741012573,1.4538723917212336e-05,0.0066188070923089,0.0151725765317678,0.0001111066158046,0.6069365739822388,2.485075492586475e-05,0.0125541817396879,0.0315248407423496,0.0001588200539117,0.739957869052887,0.8728929758071899,6.273839244386181e-05,0.0029111476615071,0.0255607515573501,0.0541421212255954,0.1097507551312446,0.3067065179347992,0.0007436831365339,0.3130066692829132,0.1400000005960464,1.0,0.959999978542328,0.8799999952316284,1.0,0.0099999997764825,1.0,0.8500000238418579,0.7699999809265137,1.0,0.0,0.0,1.0,0.9200000166893004,0.7400000095367432,0.5799999833106995,0.3300000131130218,0.0299999993294477,0.9900000095367432,0.0199999995529651
75,tdec_256embd_mix_100000_s2,mix,256,100000,2,31999,0.0004089713329449,1.0619321422211671e-08,1.1914168851490105e-07,5.2348351431419366e-08,8.136699989336194e-07,6.529044185299426e-05,4.5336751242075486e-08,2.988571452533506e-07,1.642437439386413e-07,5.004957074561389e-06,2.577181100845337,3.80713415145874,1.0021239519119265,2.288095474243164,1.754186511039734,3.3286712169647217,2.6377439498901367,4.396440505981445,0.0229002349078655,4.786539077758789,0.9900000095367432,1.0,1.0,1.0,1.0,1.0,1.0,1.0,1.0,1.0,0.0,0.0,0.0,0.0,0.2000000029802322,0.0,0.0,0.0,0.8399999737739563,0.0
76,tdec_64embd_add_1000000_s2,add,64,1000000,2,31999,1.1769707202911377,,,,,1.4847179651260376,,,,,1.623404860496521,1.695751070976257,,,,,,,,,0.0,,,,,0.0,,,,,0.0,0.0,,,,,,,,
77,tdec_1024embd_mix_10000000_s1,mix,1024,10000000,1,27999,0.0002268488024128,2.742966444202466e-06,7.012213814050483e-07,0.0001189409085782,0.000637523131445,0.4531899392604828,0.7044587731361389,0.1520345509052276,0.2853162884712219,0.1887354999780655,4.527328968048096,5.903741836547852,2.585481643676758,4.86777925491333,2.3225698471069336,3.748969078063965,4.0677080154418945,5.208361625671387,4.082426071166992,9.883844375610352,1.0,1.0,1.0,1.0,1.0,0.1299999952316284,0.0,0.5400000214576721,0.25,0.5099999904632568,0.0,0.0,0.0,0.0,0.0199999995529651,0.0,0.0,0.0,0.0,0.0
78,tdec_256embd_add_100000_s2,add,256,100000,2,31999,0.3007656037807464,,,,,0.7688641548156738,,,,,1.0365417003631592,1.2405136823654177,,,,,,,,,0.449999988079071,,,,,0.0,,,,,0.0,0.0,,,,,,,,
79,tdec_64embd_mix_100000_s2,mix,64,100000,2,31999,0.4919501841068268,1.495496599090984e-05,0.0014146693283692,0.0055302553810179,7.345656194956973e-05,0.5758475661277771,2.519943518564105e-05,0.0027802970726042,0.0089544272050261,0.0002167899510823,0.7025187611579895,0.8348971605300903,6.272194877965376e-05,0.0230847932398319,0.0135101787745952,0.0703860595822334,0.0510145388543605,0.2047520875930786,0.0009346303413622,0.0524249710142612,0.050000000745058,1.0,0.9900000095367432,0.949999988079071,1.0,0.0099999997764825,1.0,0.9700000286102296,0.9100000262260436,1.0,0.0,0.0,1.0,0.3499999940395355,0.8500000238418579,0.5,0.5899999737739563,0.0799999982118606,0.9700000286102296,0.4399999976158142
80,tdec_64embd_add_100000_s2,add,64,100000,2,31999,1.0792335271835327,,,,,1.45505690574646,,,,,1.5985723733901978,1.6670870780944824,,,,,,,,,0.0299999993294477,,,,,0.0,,,,,0.0,0.0,,,,,,,,
81,tdec_512embd_mix_10000000_s1,mix,512,10000000,1,31999,5.44305112271104e-05,4.251882614880742e-07,5.7404563449381385e-06,5.2248879001126625e-06,9.269811926060356e-06,0.1326049715280532,0.3528638780117035,0.0538907535374164,0.0629318207502365,0.0076038404367864,2.9475221633911133,4.2806782722473145,1.8250616788864136,3.3147077560424805,1.969200849533081,3.52687406539917,3.101102828979492,4.802578449249268,1.308665752410889,8.2337064743042,1.0,1.0,1.0,1.0,1.0,0.5799999833106995,0.0099999997764825,0.7900000214576721,0.7900000214576721,0.9700000286102296,0.0,0.0,0.0,0.0,0.0,0.0,0.0,0.0,0.0,0.0
82,tdec_1280embd_add_10000000_s1,add,1280,10000000,1,32000,0.0019185399869456,,,,,1.0149418115615845,,,,,5.8002238273620605,10.119107246398926,,,,,,,,,0.9700000286102296,,,,,0.0900000035762786,,,,,0.0,0.0,,,,,,,,
83,tdec_256embd_mix_10000_s2,mix,256,10000,2,31999,0.0405194014310836,6.89150922994486e-08,1.8514315343054475e-06,2.274352482345421e-06,0.0001936707121785,0.055422231554985,7.562342148048629e-07,0.0001261375582544,3.1663857953390107e-05,0.0361058004200458,2.4406778812408447,4.0481977462768555,1.2903116941452026,2.5740766525268555,1.2635462284088137,2.4013314247131348,2.283151626586914,4.404722213745117,0.4237378239631653,5.59909200668335,0.949999988079071,1.0,1.0,1.0,1.0,0.8399999737739563,1.0,1.0,1.0,0.8899999856948853,0.0,0.0,0.0,0.0,0.1199999973177909,0.0,0.0,0.0,0.0599999986588954,0.0
84,tdec_704embd_add_1000000_s1,add,704,1000000,1,31999,0.0585318841040134,,,,,0.2427730411291122,,,,,1.7586030960083008,2.4527359008789062,,,,,,,,,0.8199999928474426,,,,,0.1599999964237213,,,,,0.0,0.0,,,,,,,,
85,tdec_1472embd_add_100000_s1,add,1472,100000,1,32068,0.000104534177808,,,,,0.0571056939661502,,,,,4.296705722808838,7.22377872467041,,,,,,,,,1.0,,,,,0.8600000143051147,,,,,0.0,0.0,,,,,,,,
86,tdec_64embd_mix_10000_s2,mix,64,10000,2,31999,0.0624041780829429,8.947694368544035e-06,0.0011494208592921,0.0006168083054944,0.0001773651893017,0.0782883763313293,1.960662120836787e-05,0.0019359849393367,0.0010405048960819,0.0002622698375489,0.1363623291254043,0.3055951595306396,5.5556203733431175e-05,0.0287169311195611,0.0055006686598062,0.0719392299652099,0.0060446364805102,0.0887151807546615,0.0019589851144701,0.5259273648262024,0.6800000071525574,1.0,0.9800000190734864,0.9900000095367432,0.9800000190734864,0.5699999928474426,1.0,1.0,0.9900000095367432,0.9800000190734864,0.2899999916553497,0.0799999982118606,1.0,0.3799999952316284,0.9399999976158142,0.4799999892711639,0.9800000190734864,0.4600000083446502,0.949999988079071,0.0099999997764825
87,tdec_256embd_add_10000_s2,add,256,10000,2,31999,2.205722239523311e-06,,,,,0.0002468163438607,,,,,2.808490037918091,3.8722875118255615,,,,,,,,,1.0,,,,,0.9900000095367432,,,,,0.0,0.0,,,,,,,,
88,tdec_64embd_add_10000_s2,add,64,10000,2,31999,0.8372686505317688,,,,,1.285465955734253,,,,,1.458279728889465,1.541130542755127,,,,,,,,,0.0900000035762786,,,,,0.0,,,,,0.0,0.0,,,,,,,,
89,tdec_512embd_add_10000000_s1,add,512,10000000,1,31999,0.0003633401938714,,,,,0.7017555832862854,,,,,2.9265623092651367,3.9214704036712646,,,,,,,,,1.0,,,,,0.0099999997764825,,,,,0.0,0.0,,,,,,,,
90,tdec_832embd_mix_10000000_s1,mix,832,10000000,1,31999,0.0026277473662048,1.379830109726754e-06,1.3284943634062074e-06,2.8475951694417745e-05,1.2276057532289997e-05,2.1148996353149414,0.2048235535621643,1.0665326118469238,1.4264397621154783,1.0787802934646606,3.297819137573242,4.352876663208008,1.759530544281006,2.545426845550537,1.8468133211135864,2.565256118774414,3.249675035476685,4.261136531829834,4.380542278289795,7.955989360809326,0.9900000095367432,1.0,1.0,1.0,1.0,0.0,0.0799999982118606,0.1599999964237213,0.0,0.0,0.0,0.0,0.0,0.0,0.0,0.0,0.0,0.0,0.0,0.0
91,tdec_1280embd_mix_1000000_s1,mix,1280,1000000,1,31999,0.0065410863608121,5.034264063397131e-07,3.343564458191395e-06,5.397816948971013e-06,4.96100437885616e-06,0.3131653964519501,0.3124392032623291,0.2362546324729919,0.167853832244873,0.0430922396481037,3.973935127258301,5.154054164886475,1.4998698234558103,2.8040881156921387,1.818321704864502,2.9449994564056396,3.941383600234986,5.173036098480225,4.121091842651367,9.423890113830566,0.9700000286102296,1.0,1.0,1.0,1.0,0.2899999916553497,0.0099999997764825,0.4900000095367431,0.4900000095367431,0.8700000047683716,0.0,0.0,0.0,0.0,0.0,0.0,0.0,0.0,0.0,0.0
92,tdec_704embd_mix_100000_s1,mix,704,100000,1,31999,0.0001635775552131,8.178939765457471e-07,2.930478103735368e-06,2.244797360617667e-05,8.549224730813876e-06,0.6567502021789551,0.9290731549263,0.4225261211395263,0.5668933391571045,0.0315580032765865,3.371126413345337,3.786970615386963,1.595992088317871,2.673016309738159,2.1616032123565674,3.178738594055176,3.3837108612060547,4.006716728210449,1.5044763088226318,7.133821964263916,1.0,1.0,1.0,1.0,1.0,0.0700000002980232,0.0,0.2000000029802322,0.0900000035762786,0.8700000047683716,0.0,0.0,0.0,0.0,0.0,0.0,0.0,0.0,0.0,0.0
93,tdec_512embd_mix_1000000_s1,mix,512,1000000,1,31999,0.0004955834010615,3.896649900525518e-07,7.094710667843174e-07,3.4415684240229893e-06,4.342025022197049e-06,0.4190597832202911,0.0732055082917213,0.0676257312297821,0.1782686859369278,0.0545376241207122,2.938502311706543,3.703165054321289,1.8672806024551392,2.841811418533325,1.7400439977645874,2.7430386543273926,3.235220432281494,3.7566287517547607,2.9791104793548584,7.334527015686035,1.0,1.0,1.0,1.0,0.9900000095367432,0.209999993443489,0.3199999928474426,0.699999988079071,0.5400000214576721,0.7699999809265137,0.0,0.0,0.0,0.0,0.0,0.0,0.0,0.0,0.0,0.0
94,tdec_512embd_add_1000000_s1,add,512,1000000,1,31999,1.7903548723552376e-05,,,,,0.5135234594345093,,,,,3.17462158203125,4.867695331573486,,,,,,,,,1.0,,,,,0.0299999993294477,,,,,0.0,0.0,,,,,,,,
95,tdec_1280embd_add_1000000_s1,add,1280,1000000,1,32004,1.2907777090731544e-05,,,,,1.3166649341583252,,,,,4.234731674194336,6.7734551429748535,,,,,,,,,1.0,,,,,0.0399999991059303,,,,,0.0,0.0,,,,,,,,
96,tdec_704embd_add_100000_s1,add,704,100000,1,31999,7.722428563283756e-05,,,,,2.760931491851806,,,,,6.10013484954834,8.33328914642334,,,,,,,,,1.0,,,,,0.0,,,,,0.0,0.0,,,,,,,,
97,tdec_16embd_mix_10000000_s1,mix,16,10000000,1,31999,1.863092303276062,0.2119595408439636,0.4836975336074829,1.9437068700790403,0.5117160081863403,2.0020089149475098,0.3830421864986419,0.543317437171936,2.06107759475708,0.7758252620697021,2.067166805267334,2.104851007461548,0.5392858982086182,0.5985466837882996,0.5841476321220398,0.6006384491920471,2.1235926151275635,2.142361640930176,1.0545481443405151,1.1779156923294067,0.0,0.1599999964237213,0.050000000745058,0.0,0.050000000745058,0.0,0.0,0.0,0.0,0.0,0.0,0.0,0.0,0.0,0.0099999997764825,0.0,0.0,0.0,0.0,0.0
98,tdec_16embd_add_10000000_s1,add,16,10000000,1,31999,1.489826798439026,,,,,1.7399508953094482,,,,,1.833906292915344,1.893515348434448,,,,,,,,,0.0,,,,,0.0,,,,,0.0,0.0,,,,,,,,
99,tdec_832embd_add_10000000_s1,add,832,10000000,1,31999,0.1520725786685943,,,,,0.5177456736564636,,,,,0.8521935939788818,1.6081032752990725,,,,,,,,,0.699999988079071,,,,,0.0099999997764825,,,,,0.0,0.0,,,,,,,,
100,tdec_16embd_mix_1000000_s1,mix,16,1000000,1,31999,1.787909746170044,0.6760175228118896,0.4650967121124267,1.9303419589996336,1.1284044981002808,1.962119460105896,0.8328638672828674,0.5254985094070435,2.0514535903930664,1.5000488758087158,2.016383409500122,2.059551477432251,0.9024308919906616,0.9222193956375122,0.5603387951850891,0.561596155166626,2.104421615600586,2.1216530799865723,1.6594603061676023,1.728994607925415,0.0,0.0099999997764825,0.1299999952316284,0.0,0.0,0.0,0.0,0.0,0.0,0.0,0.0,0.0,0.0,0.0,0.0099999997764825,0.0,0.0,0.0,0.0,0.0
101,tdec_384embd_mix_10000000_s1,mix,384,10000000,1,31999,2.8145811938884435e-06,5.3155076784605626e-08,1.5599522384945885e-07,1.1392977938839977e-07,6.663385079264117e-07,0.1602121740579605,0.0458623692393302,0.0171108469367027,0.1385732889175415,5.937098990216327e-07,4.299161911010742,6.344223499298096,1.8928183317184448,3.2000298500061035,2.5701537132263184,5.0726799964904785,4.3516316413879395,7.504651069641113,2.474973678588867,9.0985746383667,1.0,1.0,1.0,1.0,1.0,0.4099999964237213,0.5,0.8999999761581421,0.4900000095367431,1.0,0.0,0.0,0.0,0.0,0.0399999991059303,0.0,0.0,0.0,0.0,0.0
102,tdec_1408embd_mix_10000000_s1,mix,1408,10000000,1,31999,0.0004009733675047,4.294366640067437e-09,2.708096413783778e-09,1.3140095234120966e-07,7.325161277549341e-08,1.3126827478408811,0.3350976705551147,0.942282497882843,1.3162106275558472,0.1366623938083648,7.411067962646484,11.575268745422363,4.371121883392334,6.671859264373779,4.921112060546875,8.945106506347656,7.19528865814209,11.838489532470703,7.241043090820312,13.886815071105955,1.0,1.0,1.0,1.0,1.0,0.0099999997764825,0.0399999991059303,0.2000000029802322,0.0199999995529651,0.6800000071525574,0.0,0.0,0.0,0.0,0.0099999997764825,0.0,0.0,0.0,0.0,0.0
103,tdec_16embd_add_1000000_s1,add,16,1000000,1,31999,1.5294092893600464,,,,,1.7559423446655271,,,,,1.849193453788757,1.8988598585128784,,,,,,,,,0.0,,,,,0.0,,,,,0.0,0.0,,,,,,,,
104,tdec_512embd_mix_100000_s1,mix,512,100000,1,31999,0.0026816360186785,1.5773418908793246e-06,1.1429523510742e-05,1.4950342119846027e-05,4.139540124015184e-06,0.1966292262077331,0.7157788872718811,0.0122037716209888,0.0066341562196612,0.018093192949891,3.160011053085327,4.080792427062988,1.073522448539734,1.7324775457382202,1.8173112869262695,3.0743720531463623,3.1482882499694824,3.996300458908081,1.40358304977417,8.067912101745605,0.9900000095367432,1.0,1.0,1.0,1.0,0.4399999976158142,0.0,0.9399999976158142,0.949999988079071,0.9100000262260436,0.0,0.0,0.0,0.0,0.0,0.0,0.0,0.0,0.0,0.0
105,tdec_16embd_mix_100000_s1,mix,16,100000,1,31999,1.8042184114456177,0.8248015642166138,0.4457421004772186,1.9466115236282349,1.51991605758667,1.9610868692398071,0.9242983460426332,0.5271357893943787,2.0553488731384277,1.7359976768493652,2.026455879211426,2.0653367042541504,0.9807589650154114,0.9988221526145936,0.556861400604248,0.5603274703025818,2.107706069946289,2.124344825744629,1.8648185729980469,1.910926342010498,0.0,0.0,0.0799999982118606,0.0,0.0,0.0,0.0,0.0099999997764825,0.0,0.0,0.0,0.0,0.0,0.0,0.0199999995529651,0.0,0.0,0.0,0.0,0.0
106,tdec_16embd_add_100000_s1,add,16,100000,1,31999,1.5194847583770752,,,,,1.751805067062378,,,,,1.8476539850234983,1.8989394903182983,,,,,,,,,0.0,,,,,0.0,,,,,0.0,0.0,,,,,,,,
107,tdec_384embd_add_10000000_s1,add,384,10000000,1,31999,8.173141395673156e-06,,,,,0.003057025372982,,,,,5.870666027069092,8.991313934326172,,,,,,,,,1.0,,,,,0.9700000286102296,,,,,0.0,0.0,,,,,,,,
108,tdec_16embd_mix_10000_s1,mix,16,10000,1,31999,1.78423810005188,0.4456590712070465,0.4705610573291778,1.9277968406677248,0.8373296856880188,1.972331404685974,0.648698627948761,0.5342016816139221,2.0563886165618896,1.234971046447754,2.0365350246429443,2.073984384536743,0.7685806751251221,0.8005142211914062,0.569609522819519,0.58356112241745,2.10264253616333,2.1221208572387695,1.4726916551589966,1.5504884719848633,0.0,0.0,0.0599999986588954,0.0,0.0,0.0,0.0,0.0,0.0,0.0,0.0,0.0,0.0,0.0,0.0,0.0,0.0,0.0,0.0,0.0
109,tdec_1280embd_mix_100000_s1,mix,1280,100000,1,31999,0.0015396433882415,5.304349315338186e-07,2.823944384999777e-07,1.028033238981152e-05,5.819301077281125e-05,0.0626449882984161,1.153781175613403,0.2489286810159683,0.1206302270293235,0.0350427329540252,6.464676380157471,8.433572769165039,2.8042681217193604,4.452856540679932,3.1000475883483887,5.481112003326416,5.927974224090576,8.749465942382812,2.351625919342041,8.931136131286621,0.9800000190734864,1.0,1.0,1.0,1.0,0.7300000190734863,0.0,0.699999988079071,0.7900000214576721,0.8399999737739563,0.0,0.0,0.0,0.0,0.0099999997764825,0.0,0.0,0.0,0.0,0.0
110,tdec_16embd_add_10000_s1,add,16,10000,1,31999,1.5234111547470093,,,,,1.7424427270889282,,,,,1.843448519706726,1.891700029373169,,,,,,,,,0.0,,,,,0.0,,,,,0.0,0.0,,,,,,,,
111,tdec_512embd_add_100000_s1,add,512,100000,1,31999,9.65681374509586e-06,,,,,0.4685649573802948,,,,,3.341505765914917,6.345208168029785,,,,,,,,,1.0,,,,,0.0900000035762786,,,,,0.0,0.0,,,,,,,,
112,tdec_1024embd_mix_1000000_s1,mix,1024,1000000,1,31999,0.0001282624871237,5.070755833003204e-07,1.7017430309351766e-06,1.0597424989100546e-05,6.996679439907894e-05,1.418298840522766,0.8064286708831787,0.949745774269104,0.7429549694061279,0.0523341856896877,3.4379076957702637,4.140200614929199,1.4589333534240725,3.255347490310669,2.1325385570526123,3.3356528282165527,3.16225528717041,4.2597761154174805,2.789355993270874,7.0115814208984375,1.0,1.0,1.0,1.0,1.0,0.050000000745058,0.0,0.1599999964237213,0.0399999991059303,0.75,0.0,0.0,0.0,0.0,0.0,0.0,0.0,0.0,0.0,0.0
113,tdec_384embd_mix_1000000_s1,mix,384,1000000,1,31999,2.375109261265606e-06,4.1733329680937465e-08,2.5232350253645563e-07,8.777670927884174e-07,6.429337986446626e-07,0.0278512295335531,0.4489818513393402,0.0078584281727671,0.049901932477951,8.746259118197486e-05,2.801325798034668,3.503451347351074,1.255463719367981,2.7665786743164062,1.4875059127807615,2.4369843006134033,2.932527542114258,3.955653190612793,1.4014232158660889,8.098734855651855,1.0,1.0,1.0,1.0,1.0,0.8700000047683716,0.0,0.9399999976158142,0.8199999928474426,1.0,0.0,0.0,0.0,0.0,0.1199999973177909,0.0,0.0,0.0,0.0,0.0
114,tdec_1280embd_add_100000_s1,add,1280,100000,1,32045,9.416192187927663e-05,,,,,1.6615304946899414,,,,,3.785655021667481,5.366921901702881,,,,,,,,,1.0,,,,,0.0199999995529651,,,,,0.0,0.0,,,,,,,,
115,tdec_384embd_add_1000000_s1,add,384,1000000,1,31999,8.645453704048123e-07,,,,,0.0399896726012229,,,,,3.818215370178222,5.241072177886963,,,,,,,,,1.0,,,,,0.800000011920929,,,,,0.0,0.0,,,,,,,,
116,tdec_640embd_mix_10000000_s1,mix,640,10000000,1,31999,4.4904404603585135e-06,1.5785262874601358e-08,2.508472562112729e-06,2.183339347539004e-06,6.7806536208081525e-06,0.5466998815536499,0.4046649634838104,0.575914204120636,0.5490071177482605,0.0700067058205604,3.153529405593872,4.079773902893066,1.4619970321655271,2.23217248916626,1.5859742164611816,2.7231829166412354,2.7830440998077393,3.891040325164795,4.928947925567627,10.92922592163086,1.0,1.0,1.0,1.0,1.0,0.0900000035762786,0.0099999997764825,0.0599999986588954,0.1099999994039535,0.7200000286102295,0.0,0.0,0.0,0.0,0.0099999997764825,0.0,0.0,0.0,0.0,0.0
117,tdec_512embd_mix_10000_s1,mix,512,10000,1,31999,0.1249831840395927,5.621591299131978e-07,3.982348425779492e-05,0.0017818665364757,0.0065946406684815,0.9226388335227966,0.5162847638130188,0.7737501263618469,1.1500463485717771,0.0844995975494384,3.194385290145874,4.002162933349609,1.7929972410202026,2.607851982116699,1.4945834875106812,2.3249645233154297,2.9216363430023193,3.852271318435669,0.7439313530921936,5.475988864898682,0.7599999904632568,1.0,1.0,1.0,0.9900000095367432,0.0700000002980232,0.0,0.1700000017881393,0.0099999997764825,0.800000011920929,0.0,0.0,0.0,0.0,0.0099999997764825,0.0,0.0,0.0,0.0700000002980232,0.0
118,tdec_1408embd_add_10000000_s1,add,1408,10000000,1,32000,1.449258661523345e-06,,,,,0.410312682390213,,,,,5.3304314613342285,6.264272689819336,,,,,,,,,1.0,,,,,0.3000000119209289,,,,,0.0,0.0,,,,,,,,
119,tdec_384embd_mix_100000_s1,mix,384,100000,1,31999,2.1915540855843577e-05,4.844456498176442e-07,2.183204969696817e-06,1.5448284102603793e-05,3.702506728586741e-05,0.311273992061615,0.032609611749649,0.3876664042472839,0.2221809178590774,2.2244645151658915e-05,3.0598416328430176,4.621894359588623,1.1915152072906494,2.714656352996826,1.607377290725708,2.9932870864868164,2.956031084060669,4.4889607429504395,0.8757935166358948,8.473820686340332,1.0,1.0,1.0,1.0,1.0,0.1800000071525573,0.5099999904632568,0.2300000041723251,0.3100000023841858,1.0,0.0,0.0,0.0,0.0,0.0599999986588954,0.0,0.0,0.0,0.0099999997764825,0.0
120,tdec_512embd_add_10000_s1,add,512,10000,1,31999,2.067645788192749,,,,,3.760978937149048,,,,,5.013972282409668,5.840913772583008,,,,,,,,,0.3300000131130218,,,,,0.0,,,,,0.0,0.0,,,,,,,,
121,tdec_832embd_mix_1000000_s1,mix,832,1000000,1,31999,1.3256721103971358e-05,3.574298261810327e-07,3.867887414799043e-07,2.1046791971457424e-06,1.32063928504067e-06,0.3972963094711303,1.7607438564300537,0.3338252305984497,0.8491805791854858,0.7243083715438843,4.729119300842285,6.0624566078186035,2.401057243347168,3.56200647354126,2.3218560218811035,3.4621474742889404,5.047161102294922,6.3992767333984375,5.509832382202148,9.650859832763672,1.0,1.0,1.0,1.0,1.0,0.3799999952316284,0.0,0.5099999904632568,0.209999993443489,0.0399999991059303,0.0,0.0,0.0,0.0,0.0,0.0,0.0,0.0,0.0,0.0
122,tdec_384embd_add_100000_s1,add,384,100000,1,31999,1.4216668660083087e-06,,,,,0.0015410542255267,,,,,2.509739637374878,3.173574447631836,,,,,,,,,1.0,,,,,1.0,,,,,0.0,0.0,,,,,,,,
123,tdec_640embd_add_10000000_s1,add,640,10000000,1,31999,0.0020673822145909,,,,,0.7417321801185608,,,,,5.106692314147949,6.544126510620117,,,,,,,,,1.0,,,,,0.0199999995529651,,,,,0.0,0.0,,,,,,,,
124,tdec_1024embd_add_1000000_s1,add,1024,1000000,1,32004,0.0002890876494348,,,,,0.9978188276290894,,,,,4.982620716094971,6.41660213470459,,,,,,,,,1.0,,,,,0.1599999964237213,,,,,0.0,0.0,,,,,,,,
125,tdec_1216embd_mix_10000000_s1,mix,1216,10000000,1,31999,0.0021266893018037,1.090383648261195e-05,6.0403185671020765e-06,2.309928822796792e-05,1.9996343326056376e-05,0.1149515882134437,0.1235989481210708,0.0375830046832561,0.0773379206657409,0.811698853969574,4.349438667297363,6.22793436050415,2.4581165313720703,4.121137619018555,2.063113212585449,3.3579938411712646,4.482188701629639,6.548956394195557,4.7532877922058105,6.624574184417725,0.9900000095367432,1.0,1.0,1.0,1.0,0.5299999713897705,0.1299999952316284,0.8299999833106995,0.7900000214576721,0.0199999995529651,0.0,0.0,0.0,0.0,0.0,0.0,0.0,0.0,0.0,0.0
126,tdec_448embd_mix_10000000_s1,mix,448,10000000,1,31999,6.393325293174712e-06,1.0906929048815073e-07,1.1933542509723338e-07,3.724317593878368e-06,1.5839193565625465e-06,1.127172827720642,0.0165333002805709,0.6095550060272217,1.1936074495315552,0.0071818293072283,3.1580121517181396,3.825837612152099,1.376589059829712,2.290343999862671,1.873489260673523,2.904891014099121,3.139441728591919,3.4848196506500244,1.336602807044983,8.439730644226074,1.0,1.0,1.0,1.0,1.0,0.0,0.7099999785423279,0.1899999976158142,0.0099999997764825,0.9700000286102296,0.0,0.0,0.0,0.0,0.0399999991059303,0.0,0.0,0.0,0.0099999997764825,0.0
127,tdec_320embd_mix_10000000_s1,mix,320,10000000,1,31999,4.806015112990281e-06,7.0673927154985e-08,2.2210920747056667e-07,5.780788114861934e-07,1.279755451832898e-05,0.0123640345409512,0.0003791546914726,0.0001015698508126,0.0003524273342918,2.478344686096534e-05,2.3293569087982178,3.855634212493897,1.412462592124939,2.874743938446045,1.562122821807861,2.7854526042938232,2.627819776535034,4.7087082862854,2.597846746444702,7.595203876495361,1.0,1.0,1.0,1.0,1.0,0.8700000047683716,0.9800000190734864,1.0,1.0,1.0,0.0,0.0,0.0,0.0,0.1500000059604644,0.0,0.0,0.0,0.0,0.0
128,tdec_192embd_mix_10000000_s1,mix,192,10000000,1,31999,0.0006101102335378,6.328195212290666e-08,1.63170102496224e-06,9.8290956884739e-07,2.951652504634694e-06,4.589790114550851e-05,1.0926256521770485e-07,2.6785116915561957e-06,2.2032227207091637e-06,1.321213517258002e-06,2.4637441635131836,4.403081893920898,0.9081421494483948,2.6849255561828613,1.7551268339157104,2.8468706607818604,2.410867214202881,4.70003080368042,0.052206739783287,4.912881374359131,1.0,1.0,1.0,1.0,1.0,1.0,1.0,1.0,1.0,1.0,0.0,0.0,0.0,0.0,0.1199999973177909,0.0,0.0,0.0,0.6100000143051147,0.0
129,tdec_320embd_add_10000000_s1,add,320,10000000,1,31999,0.0001569824089528,,,,,0.0123392436653375,,,,,3.5161097049713135,4.1837944984436035,,,,,,,,,1.0,,,,,0.9399999976158142,,,,,0.0,0.0,,,,,,,,
130,tdec_1408embd_mix_1000000_s1,mix,1408,1000000,1,32002,3.4474503536330303e-06,4.9108706434708444e-08,2.2954149869747203e-07,1.7847081608124429e-06,6.687391760351602e-07,0.6098688244819641,0.4904246032238006,0.2808130979537964,0.1406387388706207,0.0691405236721038,5.3340301513671875,7.534492015838623,1.973253607749939,3.488484144210815,2.999434471130371,5.168616771697998,4.47830057144165,7.0276994705200195,2.912644386291504,12.268014907836914,1.0,1.0,1.0,1.0,1.0,0.1299999952316284,0.0,0.6000000238418579,0.6499999761581421,0.7900000214576721,0.0,0.0,0.0,0.0,0.0099999997764825,0.0,0.0,0.0,0.0,0.0
131,tdec_832embd_add_1000000_s1,add,832,1000000,1,31999,0.0048918789252638,,,,,1.929903268814087,,,,,3.528003454208374,4.323594570159912,,,,,,,,,0.9800000190734864,,,,,0.0,,,,,0.0,0.0,,,,,,,,
132,tdec_448embd_add_10000000_s1,add,448,10000000,1,31999,0.0002236565196653,,,,,0.8409838676452637,,,,,2.7139687538146973,4.350048065185547,,,,,,,,,1.0,,,,,0.050000000745058,,,,,0.0,0.0,,,,,,,,
133,tdec_192embd_add_10000000_s1,add,192,10000000,1,31999,0.2665194869041443,,,,,0.6936895847320557,,,,,1.0538034439086914,1.4569522142410278,,,,,,,,,0.4900000095367431,,,,,0.0,,,,,0.0,0.0,,,,,,,,
134,tdec_1216embd_add_10000000_s1,add,1216,10000000,1,32000,0.0031885982025414,,,,,1.344180941581726,,,,,4.540279865264893,5.989398002624512,,,,,,,,,0.9800000190734864,,,,,0.0399999991059303,,,,,0.0,0.0,,,,,,,,
135,tdec_320embd_mix_1000000_s1,mix,320,1000000,1,31999,1.62332653417252e-05,1.4413666704626849e-08,1.4406654713639e-07,9.256349358111038e-07,9.232616093868272e-07,0.0897836312651634,0.0007557328790426,0.0010917331092059,0.0015815896913409,4.24068957727286e-06,2.386425256729126,3.4131338596343994,1.744513750076294,2.896791934967041,1.5694764852523804,2.5405898094177246,2.2930266857147217,3.453784465789795,2.089205741882324,9.23196506500244,1.0,1.0,1.0,1.0,1.0,0.6299999952316284,0.9800000190734864,1.0,0.9700000286102296,1.0,0.0,0.0,0.0,0.0,0.1700000017881393,0.0,0.0,0.0,0.0,0.0
136,tdec_192embd_mix_1000000_s1,mix,192,1000000,1,31999,0.0025672537740319,1.9673228734973239e-07,1.878729335658136e-06,3.375282631168375e-06,5.824174877488986e-06,0.0014849697472527,1.4092223636907877e-06,3.087053528361139e-06,7.0369901550293434e-06,4.116060517844744e-05,1.40510356426239,2.898862838745117,1.358871340751648,3.245613813400269,0.9893970489501952,2.2231483459472656,1.7010616064071655,3.273552894592285,0.0004372614494059,2.4678163528442383,0.9900000095367432,1.0,1.0,1.0,1.0,0.9800000190734864,1.0,1.0,1.0,1.0,0.0,0.0,0.0,0.0,0.1500000059604644,0.0,0.0,0.0,0.9800000190734864,0.0
137,tdec_640embd_mix_1000000_s1,mix,640,1000000,1,31999,2.096305433951784e-05,1.627154375682949e-07,7.37877428491629e-07,2.2589949821849582e-06,1.769548134689103e-07,0.4117669761180877,0.7122817039489746,0.109315738081932,0.4468351006507873,0.1931066662073135,3.3074893951416016,4.587364196777344,2.004800319671631,3.0188021659851074,1.8879836797714231,2.7470903396606445,3.2632551193237305,4.356097221374512,6.280643463134766,9.84685516357422,1.0,1.0,1.0,1.0,1.0,0.1500000059604644,0.0,0.6499999761581421,0.2000000029802322,0.5099999904632568,0.0,0.0,0.0,0.0,0.0,0.0,0.0,0.0,0.0,0.0
138,tdec_192embd_add_1000000_s1,add,192,1000000,1,31999,0.1607566028833389,,,,,0.4600253403186798,,,,,0.8996391892433167,1.4501407146453855,,,,,,,,,0.6800000071525574,,,,,0.0,,,,,0.0,0.0,,,,,,,,
139,tdec_320embd_add_1000000_s1,add,320,1000000,1,31999,8.591925961809466e-07,,,,,0.1552415639162063,,,,,3.675824642181397,5.211868762969971,,,,,,,,,1.0,,,,,0.550000011920929,,,,,0.0,0.0,,,,,,,,
140,tdec_448embd_mix_1000000_s1,mix,448,1000000,1,31999,0.0001181600309791,6.934569540817392e-08,1.267033553631336e-06,2.9739558158325963e-06,1.1331929954394582e-06,0.0098172454163432,0.2978118658065796,0.0006076393765397,0.0006534176063723,6.5949066083703656e-06,4.1315202713012695,5.0161895751953125,1.768335461616516,2.635849714279175,2.03133225440979,3.2669994831085205,4.119736194610596,6.103573799133301,5.135889053344727,11.692622184753418,0.9900000095367432,1.0,1.0,1.0,1.0,0.949999988079071,0.0,0.9800000190734864,0.9800000190734864,1.0,0.0,0.0,0.0,0.0,0.0399999991059303,0.0,0.0,0.0,0.0,0.0
141,tdec_192embd_mix_100000_s1,mix,192,100000,1,31999,0.0053124241530895,4.232363721712318e-07,7.134879524528515e-06,8.91675335878972e-06,0.0006358110695146,0.0103977657854557,1.0666560683603166e-06,1.537715615995694e-05,1.7739290342433378e-05,3.795168959186413e-05,1.9105201959609983,3.102736473083496,0.3452619612216949,1.0426921844482422,1.2122917175292969,2.124878406524658,2.0649733543395996,3.37097692489624,0.1737095117568969,4.2252373695373535,0.959999978542328,1.0,1.0,1.0,0.9900000095367432,0.9399999976158142,1.0,1.0,1.0,1.0,0.0,0.0,0.0,0.0,0.1400000005960464,0.0,0.0,0.0,0.209999993443489,0.0
142,tdec_1408embd_add_1000000_s1,add,1408,1000000,1,32004,1.4316792658064514e-05,,,,,0.2634602785110473,,,,,7.866722583770752,11.617990493774414,,,,,,,,,1.0,,,,,0.4300000071525574,,,,,0.0,0.0,,,,,,,,
143,tdec_192embd_add_100000_s1,add,192,100000,1,31999,0.0465603247284889,,,,,0.1699727177619934,,,,,1.3810362815856934,2.0786046981811523,,,,,,,,,0.8700000047683716,,,,,0.209999993443489,,,,,0.0,0.0,,,,,,,,
144,tdec_320embd_mix_100000_s1,mix,320,100000,1,31999,7.091944553394569e-06,4.8668965746401234e-08,2.815161792568688e-07,2.481530827935785e-06,3.210793011021451e-06,0.005482280626893,0.0994051620364189,8.777619223110378e-05,4.600848114932887e-05,2.6677998903323896e-05,2.688460350036621,4.351221084594727,1.4326530694961548,3.102240085601806,1.4495280981063845,2.1073882579803467,2.696302890777588,4.644636631011963,2.121314764022827,8.037534713745117,1.0,1.0,1.0,1.0,1.0,0.959999978542328,0.3400000035762787,1.0,0.9900000095367432,1.0,0.0,0.0,0.0,0.0,0.1400000005960464,0.0,0.0,0.0,0.0,0.0
145,tdec_448embd_add_1000000_s1,add,448,1000000,1,31999,0.0007953127496875,,,,,0.6842125058174133,,,,,4.058763027191162,5.1125922203063965,,,,,,,,,0.9900000095367432,,,,,0.0299999993294477,,,,,0.0,0.0,,,,,,,,
146,tdec_640embd_add_1000000_s1,add,640,1000000,1,31999,9.007688277051784e-06,,,,,1.0505242347717283,,,,,3.966400861740112,5.723675727844238,,,,,,,,,1.0,,,,,0.0099999997764825,,,,,0.0,0.0,,,,,,,,
147,tdec_128embd_mix_10000000_s1,mix,128,10000000,1,31999,0.0301124770194292,1.668670165599906e-06,5.682215851265937e-05,5.4316511523211375e-05,2.6498304578126408e-05,0.0349397175014019,2.891268877647235e-06,0.0001391031255479,0.0001145752394222,3.4533477446530014e-05,0.226685881614685,2.015212059020996,9.98618907033233e-06,0.9851419925689696,0.2188621461391449,1.2947304248809814,0.347809761762619,2.2376151084899902,0.0005552308866754,0.579025387763977,0.8199999928474426,1.0,1.0,1.0,1.0,0.7699999809265137,1.0,1.0,1.0,1.0,0.2800000011920929,0.0,1.0,0.0,0.3300000131130218,0.0199999995529651,0.1099999994039535,0.0,0.9800000190734864,0.0
148,tdec_320embd_add_100000_s1,add,320,100000,1,31999,3.4476499877200695e-06,,,,,0.0141379293054342,,,,,2.6886205673217773,3.40200138092041,,,,,,,,,1.0,,,,,0.8899999856948853,,,,,0.0,0.0,,,,,,,,
149,tdec_1216embd_mix_1000000_s1,mix,1216,1000000,1,31999,0.0156007818877696,3.196325337739836e-07,2.3019927084533265e-06,5.409242294263095e-05,8.245277967944276e-06,0.4867429435253143,0.1948180794715881,0.027678944170475,0.1970439553260803,0.0147934462875127,3.8771555423736577,5.058594703674316,1.4658141136169434,2.8216793537139893,2.722109079360962,3.852187156677246,3.842407464981079,5.368239879608154,2.6128740310668945,7.657156944274902,0.959999978542328,1.0,1.0,1.0,1.0,0.1099999994039535,0.1199999973177909,0.8899999856948853,0.4300000071525574,0.9200000166893004,0.0,0.0,0.0,0.0,0.0,0.0,0.0,0.0,0.0,0.0
150,tdec_128embd_add_10000000_s1,add,128,10000000,1,31999,0.4257887601852417,,,,,0.8997963070869446,,,,,1.1433957815170288,1.2407574653625488,,,,,,,,,0.3400000035762787,,,,,0.0,,,,,0.0,0.0,,,,,,,,
151,tdec_128embd_mix_1000000_s1,mix,128,1000000,1,31999,0.0272673722356557,1.4762113096367102e-06,4.461171920411289e-05,2.285956179548521e-05,1.256098403246142e-05,0.0317940674722194,4.503836862568278e-06,8.574646199122071e-05,4.76362620247528e-05,3.682589522213675e-05,1.1698594093322754,1.871171236038208,6.820911221439019e-05,1.0608325004577637,0.3706562519073486,0.8798978328704834,1.281295657157898,2.016866683959961,0.000690097163897,0.7715195417404175,0.8600000143051147,1.0,1.0,1.0,1.0,0.8199999928474426,1.0,1.0,1.0,1.0,0.0,0.0,1.0,0.0,0.1500000059604644,0.0599999986588954,0.0,0.0,0.9800000190734864,0.0
152,tdec_1024embd_mix_100000_s1,mix,1024,100000,1,31999,5.5852040532045066e-05,1.9510318338689106e-07,1.8156546843783874e-07,8.414664875999733e-07,5.050892468716484e-07,0.2154022604227066,0.6993456482887268,0.0115480627864599,0.0131464432924985,0.003711707657203,4.555607795715332,6.439294338226318,1.8796911239624023,3.2189087867736816,2.530647993087769,4.123357772827148,4.436974048614502,6.419158458709717,1.0637060403823853,7.472049713134766,1.0,1.0,1.0,1.0,1.0,0.5400000214576721,0.0,0.9700000286102296,0.959999978542328,0.9800000190734864,0.0,0.0,0.0,0.0,0.0099999997764825,0.0,0.0,0.0,0.0199999995529651,0.0
153,tdec_256embd_mix_10000000_s1,mix,256,10000000,1,31999,0.0022928863763809,1.5510157425069337e-07,3.3778175634324725e-07,8.317003334923356e-07,3.4111324112018337e-06,0.0127000780776143,0.0001195849181385,3.715545972227119e-05,0.0077941189520061,4.5362314267549664e-05,2.908137559890747,4.277031898498535,1.4531567096710205,2.090378761291504,1.5144518613815308,2.785694360733032,3.053102731704712,4.745954513549805,0.8243131041526794,5.882207870483398,1.0,1.0,1.0,1.0,1.0,0.9300000071525574,1.0,1.0,0.9800000190734864,1.0,0.0,0.0,0.0,0.0,0.1700000017881393,0.0,0.0,0.0,0.0299999993294477,0.0
154,tdec_448embd_mix_100000_s1,mix,448,100000,1,31999,6.126869266154245e-05,2.696738761187589e-07,1.9417702787905e-06,1.0881675734708551e-05,2.3236466404341627e-06,0.0997727364301681,0.0513013750314712,0.1176595017313957,0.0351732932031154,0.003492574673146,2.7247884273529053,3.660641670227051,1.175186276435852,2.2307868003845215,1.4259355068206787,2.53444766998291,2.422839879989624,3.3660902976989746,0.182778775691986,7.103597640991211,1.0,1.0,1.0,1.0,1.0,0.6299999952316284,0.3199999928474426,0.550000011920929,0.8500000238418579,0.9900000095367432,0.0,0.0,0.0,0.0,0.0099999997764825,0.0,0.0,0.0,0.4799999892711639,0.0
155,tdec_128embd_add_1000000_s1,add,128,1000000,1,31999,0.7662131786346436,,,,,1.216996669769287,,,,,1.4029136896133425,1.485538363456726,,,,,,,,,0.1700000017881393,,,,,0.0,,,,,0.0,0.0,,,,,,,,
156,tdec_832embd_mix_100000_s1,mix,832,100000,1,31999,0.0001173281780211,3.163732174016332e-07,3.685428055177909e-06,3.945019670936745e-06,4.0318735727851163e-07,0.7009902000427246,0.7823278903961182,0.4143567681312561,0.3443756103515625,0.1325257420539856,4.211514949798584,5.560866832733154,1.8042527437210083,3.055285692214966,2.400395393371582,3.689737319946289,4.402338981628418,5.8918776512146,3.393044948577881,9.9420804977417,1.0,1.0,1.0,1.0,1.0,0.0299999993294477,0.0,0.2800000011920929,0.1500000059604644,0.5400000214576721,0.0,0.0,0.0,0.0,0.0,0.0,0.0,0.0,0.0,0.0
157,tdec_256embd_add_10000000_s1,add,256,10000000,1,31999,0.0540420450270175,,,,,0.3500193655490875,,,,,1.4882408380508425,2.34531307220459,,,,,,,,,0.8799999952316284,,,,,0.0599999986588954,,,,,0.0,0.0,,,,,,,,
158,tdec_128embd_mix_100000_s1,mix,128,100000,1,31999,0.0250235274434089,1.7054451291187434e-06,4.8811147280503064e-05,4.671386341215111e-05,1.8753018593997695e-05,0.0217024739831686,3.942009243473876e-06,0.0001584760320838,8.552012877771631e-05,0.0001096355190384,1.0805610418319702,2.214615821838379,0.1315034627914428,1.396058201789856,0.5610698461532593,1.21663236618042,1.0938105583190918,2.553699493408203,0.0142175545915961,2.432563543319702,0.9100000262260436,1.0,1.0,1.0,1.0,0.8199999928474426,1.0,1.0,1.0,1.0,0.0,0.0,0.0399999991059303,0.0,0.1599999964237213,0.0,0.0,0.0,0.7799999713897705,0.0
159,tdec_1216embd_add_1000000_s1,add,1216,1000000,1,32004,1.483876803831663e-05,,,,,1.4551266431808472,,,,,4.135634899139404,6.546051502227783,,,,,,,,,1.0,,,,,0.0199999995529651,,,,,0.0,0.0,,,,,,,,
160,tdec_448embd_add_100000_s1,add,448,100000,1,31999,5.323413461155724e-06,,,,,0.1124342381954193,,,,,3.217848539352417,4.170358657836914,,,,,,,,,1.0,,,,,0.3899999856948852,,,,,0.0,0.0,,,,,,,,
161,tdec_128embd_add_100000_s1,add,128,100000,1,31999,0.3878086507320404,,,,,0.8871273994445801,,,,,1.1302069425582886,1.2464406490325928,,,,,,,,,0.3600000143051147,,,,,0.0,,,,,0.0,0.0,,,,,,,,
162,tdec_1408embd_mix_100000_s1,mix,1408,100000,1,32022,0.0127554079517722,3.8026872317686866e-08,3.3151867029346256e-08,4.470429075809079e-07,2.652637647315715e-07,0.5497109293937683,0.2505572140216827,0.0275208540260791,0.0320596136152744,0.0418132357299327,6.183363437652588,9.738029479980469,1.72822368144989,3.1100685596466064,3.484987258911133,6.887395858764648,5.2560133934021,8.712932586669922,2.5409271717071533,10.613970756530762,0.9900000095367432,1.0,1.0,1.0,1.0,0.2399999946355819,0.1000000014901161,0.8899999856948853,0.9200000166893004,0.8100000023841858,0.0,0.0,0.0,0.0,0.0,0.0,0.0,0.0,0.0,0.0
163,tdec_64embd_mix_10000000_s1,mix,64,10000000,1,31999,0.0458614937961101,1.8176648154621944e-05,0.0004774104454554,0.0003659861104097,7.67176243243739e-05,0.0569290928542614,2.4951155864982862e-05,0.0007394922431558,0.0005734527949243,0.0001766741042956,0.0912800803780555,0.4814482033252716,9.513434633845463e-05,0.0051344418898224,0.0029146736487746,0.079310655593872,0.0065320050343871,0.2342680543661117,0.0007115676999092,0.2544364631175995,0.800000011920929,1.0,0.9900000095367432,0.9900000095367432,1.0,0.6700000166893005,0.9900000095367432,1.0,1.0,1.0,0.3799999952316284,0.0399999991059303,1.0,0.8100000023841858,0.9700000286102296,0.4300000071525574,0.949999988079071,0.1500000059604644,0.9900000095367432,0.050000000745058
164,tdec_256embd_mix_1000000_s1,mix,256,1000000,1,31999,3.087123695877381e-05,6.903956659698451e-07,5.344111741578672e-06,5.636190962832188e-06,3.880855001625605e-05,0.0124047268182039,0.0164075810462236,0.012001059949398,0.0016190559836104,0.0004148009466007,2.2994751930236816,3.4666337966918945,1.566617131233215,2.6018993854522705,1.6018236875534058,2.5274038314819336,2.209798812866211,3.628218173980713,0.6555416584014893,7.1006178855896,1.0,1.0,1.0,1.0,1.0,0.8600000143051147,0.7900000214576721,0.8999999761581421,0.9900000095367432,0.9900000095367432,0.0,0.0,0.0,0.0,0.0599999986588954,0.0,0.0,0.0,0.0299999993294477,0.0
165,tdec_640embd_mix_100000_s1,mix,640,100000,1,31999,2.230572818007204e-06,1.3298434851094498e-06,6.167012145397166e-08,3.7332952729229874e-07,3.0824041914456757e-06,1.9957382678985596,0.7340567708015442,1.9080557823181152,2.2588627338409424,0.6790318489074707,3.3002288341522217,4.714167594909668,1.6528747081756592,3.029573917388916,1.956607699394226,3.291243553161621,3.84367036819458,5.2354817390441895,4.942286014556885,10.525432586669922,1.0,1.0,1.0,1.0,1.0,0.0,0.0,0.0199999995529651,0.0,0.1000000014901161,0.0,0.0,0.0,0.0,0.0299999993294477,0.0,0.0,0.0,0.0,0.0
166,tdec_64embd_add_10000000_s1,add,64,10000000,1,31999,0.938479781150818,,,,,1.329187035560608,,,,,1.494877576828003,1.567542314529419,,,,,,,,,0.0399999991059303,,,,,0.0,,,,,0.0,0.0,,,,,,,,
167,tdec_256embd_add_1000000_s1,add,256,1000000,1,31999,0.1286169588565826,,,,,0.3570986986160278,,,,,0.7918095588684082,1.2766063213348389,,,,,,,,,0.7099999785423279,,,,,0.0199999995529651,,,,,0.0,0.0,,,,,,,,
168,tdec_64embd_mix_1000000_s1,mix,64,1000000,1,31999,0.0466222465038299,8.593721759098116e-06,0.000940571364481,0.0003229184076189,8.271593833342195e-05,0.0648583248257637,1.366183550999267e-05,0.0018310499144718,0.0004979904624633,0.00021269453282,0.0994147658348083,0.3038395643234253,4.031465505249798e-05,0.0478559844195842,0.0031541483476758,0.050538171082735,0.0021573456469923,0.07246645539999,0.0019981346558779,0.5272315740585327,0.8299999833106995,1.0,1.0,1.0,0.9900000095367432,0.6000000238418579,1.0,0.9900000095367432,0.9900000095367432,1.0,0.3799999952316284,0.0599999986588954,1.0,0.209999993443489,0.9800000190734864,0.6100000143051147,0.949999988079071,0.4300000071525574,0.9700000286102296,0.0
169,tdec_448embd_mix_10000_s1,mix,448,10000,1,31999,0.0907132253050804,2.5076699827764063e-08,1.700805540849615e-07,7.103448069756269e-07,4.454227109818021e-06,0.506312906742096,0.0269459541887044,0.629098117351532,0.245810329914093,0.0399947725236415,3.6995890140533447,4.823554992675781,1.5077979564666748,2.399003744125366,2.287620306015014,4.358628749847412,3.743902921676636,4.946985244750977,1.40531325340271,7.4557414054870605,0.8500000238418579,1.0,1.0,1.0,1.0,0.2800000011920929,0.6299999952316284,0.3499999940395355,0.5400000214576721,0.9300000071525574,0.0,0.0,0.0,0.0,0.0399999991059303,0.0,0.0,0.0,0.0,0.0
170,tdec_64embd_add_1000000_s1,add,64,1000000,1,31999,0.7760811448097229,,,,,1.2386513948440552,,,,,1.418830394744873,1.499456763267517,,,,,,,,,0.1800000071525573,,,,,0.0,,,,,0.0,0.0,,,,,,,,
171,tdec_256embd_mix_100000_s1,mix,256,100000,1,31999,0.0002210862585343,1.551832724544511e-07,7.078790531522827e-07,2.850621513061924e-06,8.236735993705224e-06,0.0069196494296193,3.2681811035217834e-07,3.416765321162529e-05,7.501389973185724e-06,0.0002402748505119,2.5197997093200684,3.8445873260498047,1.180012583732605,2.099306583404541,1.6274806261062622,2.2900002002716064,2.5488433837890625,4.202148914337158,0.743874192237854,5.590404510498047,1.0,1.0,1.0,1.0,1.0,0.9300000071525574,1.0,1.0,1.0,0.9900000095367432,0.0,0.0,0.0,0.0,0.1000000014901161,0.0,0.0,0.0,0.0,0.0
172,tdec_64embd_mix_100000_s1,mix,64,100000,1,31999,0.0565290935337543,8.765650818531867e-06,0.0006743841804563,0.0004908003029413,0.0001219424302689,0.0728286728262901,1.6475487427669577e-05,0.0012929217191413,0.0006422631558962,0.0003524101048242,0.1237867176532745,0.2503475546836853,3.654851389001123e-05,0.0002524623414501,0.0036500275600701,0.022812133654952,0.0043977219611406,0.0519975200295448,0.0010386414360255,0.010306759737432,0.75,1.0,1.0,0.9900000095367432,1.0,0.5899999737739563,1.0,0.9900000095367432,1.0,0.9800000190734864,0.2800000011920929,0.0700000002980232,1.0,0.9700000286102296,0.9800000190734864,0.7599999904632568,0.9700000286102296,0.5299999713897705,0.9700000286102296,0.7599999904632568
173,tdec_1216embd_mix_100000_s1,mix,1216,100000,1,31999,0.0016268013278022,8.373661586347225e-08,6.052076173546084e-07,5.517289991985308e-06,3.7995730963302776e-05,0.1676474213600158,0.0120565416291356,0.0191652551293373,0.0354601591825485,0.0152284549549222,2.6190900802612305,3.4641265869140625,1.1993488073349,2.446478366851806,1.7761657238006592,2.947335720062256,2.8304271697998047,3.734891414642334,0.9709794521331788,7.575788974761963,0.9900000095367432,1.0,1.0,1.0,1.0,0.5199999809265137,0.8399999737739563,0.8999999761581421,0.8100000023841858,0.8899999856948853,0.0,0.0,0.0,0.0,0.0099999997764825,0.0,0.0,0.0,0.050000000745058,0.0
174,tdec_1408embd_add_100000_s1,add,1408,100000,1,32068,6.232187388377497e-07,,,,,0.2642231285572052,,,,,5.611466884613037,7.731105327606201,,,,,,,,,1.0,,,,,0.3799999952316284,,,,,0.0,0.0,,,,,,,,
175,tdec_1024embd_add_100000_s1,add,1024,100000,1,32045,0.0001129674201365,,,,,1.0796419382095337,,,,,4.966082572937012,7.190985679626465,,,,,,,,,1.0,,,,,0.1099999994039535,,,,,0.0,0.0,,,,,,,,
176,tdec_832embd_add_100000_s1,add,832,100000,1,31999,0.0082102064043283,,,,,0.2467751055955886,,,,,3.8305084705352783,5.8223724365234375,,,,,,,,,0.9900000095367432,,,,,0.4000000059604645,,,,,0.0,0.0,,,,,,,,
177,tdec_640embd_add_100000_s1,add,640,100000,1,31999,0.0244001820683479,,,,,0.2266749590635299,,,,,2.250856399536133,3.3138818740844727,,,,,,,,,0.8899999856948853,,,,,0.2800000011920929,,,,,0.0,0.0,,,,,,,,
178,tdec_448embd_add_10000_s1,add,448,10000,1,31999,0.4498244822025299,,,,,1.0932916402816772,,,,,3.6666464805603023,5.04581356048584,,,,,,,,,0.7400000095367432,,,,,0.0399999991059303,,,,,0.0,0.0,,,,,,,,
179,tdec_256embd_add_100000_s1,add,256,100000,1,31999,0.0644706785678863,,,,,0.2777413129806518,,,,,1.2673439979553225,1.6803783178329468,,,,,,,,,0.8799999952316284,,,,,0.0599999986588954,,,,,0.0,0.0,,,,,,,,
180,tdec_64embd_add_100000_s1,add,64,100000,1,31999,0.7591068148612976,,,,,1.2418094873428345,,,,,1.4215185642242432,1.4991765022277832,,,,,,,,,0.1599999964237213,,,,,0.0,,,,,0.0,0.0,,,,,,,,
181,tdec_1216embd_add_100000_s1,add,1216,100000,1,32045,0.004076958168298,,,,,2.929969549179077,,,,,3.459268808364868,5.127973556518555,,,,,,,,,1.0,,,,,0.0,,,,,0.0,0.0,,,,,,,,
182,tdec_1408embd_add_10000_s1,add,1408,10000,1,32450,1.6998000144958496,,,,,2.130659580230713,,,,,2.3234119415283203,2.4192025661468506,,,,,,,,,0.0099999997764825,,,,,0.0,,,,,0.0,0.0,,,,,,,,
183,tdec_1216embd_add_10000_s1,add,1216,10000,1,31999,8.31103229522705,,,,,8.242600440979004,,,,,8.294632911682129,8.396482467651367,,,,,,,,,0.0,,,,,0.0,,,,,0.0,0.0,,,,,,,,
184,tdec_1024embd_add_10000_s1,add,1024,10000,1,31999,7.226143836975098,,,,,7.339768886566162,,,,,7.425271511077881,7.541006088256836,,,,,,,,,0.0,,,,,0.0,,,,,0.0,0.0,,,,,,,,
185,tdec_832embd_add_10000_s1,add,832,10000,1,31999,4.027617931365967,,,,,7.142279148101807,,,,,7.830353260040283,8.295177459716797,,,,,,,,,0.0399999991059303,,,,,0.0,,,,,0.0,0.0,,,,,,,,
186,tdec_640embd_add_10000_s1,add,640,10000,1,31999,0.6309201717376709,,,,,3.1214988231658936,,,,,5.093777656555176,6.850666046142578,,,,,,,,,0.6200000047683716,,,,,0.0,,,,,0.0,0.0,,,,,,,,
187,tdec_256embd_add_10000_s1,add,256,10000,1,31999,2.5867464542388916,,,,,4.713764190673828,,,,,5.673117160797119,7.367038726806641,,,,,,,,,0.3000000119209289,,,,,0.0,,,,,0.0,0.0,,,,,,,,
188,tdec_64embd_add_10000_s1,add,64,10000,1,31999,0.7714472413063049,,,,,1.252025127410889,,,,,1.4239802360534668,1.5181468725204468,,,,,,,,,0.209999993443489,,,,,0.0,,,,,0.0,0.0,,,,,,,,
